city,id_room,price,max_tenants,mq,has_large_bed,baths
Bologna,bo-0075-01-a,535,7,21.0,True,2
Bologna,bo-0058-03-a,485,7,16.0,True,2
Bologna,bo-0074-01-a,475,5,10.0,False,2
Bologna,bo-0065-04-a,500,6,22.0,True,2
Bologna,bo-0062-04-a,495,6,20.0,True,2
Bologna,bo-0069-05-a,500,6,21.0,True,2
Bologna,bo-0074-05-a,540,5,34.0,True,2
Bologna,bo-0075-06-a,475,7,11.0,True,2
Bologna,bo-0068-04-a,475,7,20.0,False,2
Bologna,bo-0045-01-a,445,8,9.0,False,2
Bologna,bo-0088-01-a,425,8,10.35,False,3
Bologna,bo-0061-04-a,475,6,16.0,True,2
Bologna,bo-0068-02-a,470,7,17.0,True,2
Bologna,bo-0039-03-a,430,4,22.0,True,1
Bologna,bo-0018-03-a,400,4,15.0,True,1
Bologna,bo-0022-05-a,455,6,14.0,True,2
Bologna,bo-0062-05-a,465,6,14.0,True,2
Bologna,bo-0058-04-a,470,7,13.0,False,2
Bologna,bo-0086-06-a,440,8,13.96,False,3
Bologna,bo-0063-06-a,465,6,14.0,True,2
Bologna,bo-0083-04-a,535,4,22.6,True,1
Bologna,bo-0083-01-a,490,4,13.78,True,1
Bologna,bo-0008-03-a,490,3,21.0,False,2
Bologna,bo-0089-02-a,425,8,11.17,False,3
Bologna,bo-0054-03-a,495,6,21.0,False,2
Bologna,bo-0014-01-a,455,5,18.6,True,2
Bologna,bo-0006-02-a,405,4,17.0,False,1
Bologna,bo-0064-05-a,440,6,11.0,False,2
Bologna,bo-0007-04-a,450,4,19.0,True,1
Bologna,bo-0082-03-a,400,10,11.98,False,3
Bologna,bo-0071-03-a,455,6,14.0,True,2
Bologna,bo-0045-05-a,500,8,16.0,True,2
Bologna,bo-0044-03-a,530,6,22.0,True,2
Bologna,bo-0051-03-a,475,5,19.0,True,2
Bologna,bo-0075-05-a,500,7,18.0,True,2
Bologna,bo-0089-03-a,450,8,15.2,True,3
Bologna,bo-0080-02-a,455,3,15.04,True,2
Bologna,bo-0073-01-a,610,6,14.0,True,2
Bologna,bo-0068-05-a,455,7,14.0,True,2
Bologna,bo-0048-01-a,415,3,9.0,False,1
Bologna,bo-0075-02-a,620,7,19.0,True,2
Bologna,bo-0044-01-a,455,6,14.0,True,2
Bologna,bo-0067-03-a,580,6,16.0,True,2
Bologna,bo-0069-01-a,555,6,14.0,True,2
Bologna,bo-0061-03-a,610,6,22.0,True,2
Bologna,bo-0089-04-a,545,8,14.16,True,3
Bologna,bo-0089-06-a,555,8,15.02,False,3
Bologna,bo-0087-05-a,540,8,13.77,False,3
Bologna,bo-0065-06-a,570,6,16.0,True,2
Bologna,bo-0006-01-a,520,4,22.0,True,1
Bologna,bo-0075-04-a,585,7,14.0,True,2
Bologna,bo-0111-01-a,640,3,15.53,False,1
Bologna,bo-0073-04-a,625,6,20.0,True,2
Bologna,bo-0067-06-a,570,6,16.0,True,2
Bologna,bo-0066-03-a,580,7,18.0,True,2
Bologna,bo-0062-03-a,555,6,13.0,False,2
Bologna,bo-0059-04-a,585,5,16.0,True,2
Bologna,bo-0060-04-a,600,6,20.0,True,2
Bologna,bo-0060-06-a,600,6,20.0,True,2
Bologna,bo-0045-07-a,660,8,25.0,True,2
Bologna,bo-0027-02-a,555,4,13.0,True,1
Bologna,bo-0086-03-a,560,8,17.47,True,3
Bologna,bo-0064-01-a,570,6,15.0,False,2
Bologna,bo-0067-02-a,520,6,11.0,False,2
Bologna,bo-0070-04-a,580,7,20.0,True,2
Bologna,bo-0057-07-a,595,9,14.0,True,3
Bologna,bo-0076-03-a,560,5,11.0,False,2
Bologna,bo-0066-05-a,570,7,14.0,True,2
Bologna,bo-0053-04-a,570,6,13.0,True,3
Bologna,bo-0061-02-a,610,6,21.0,True,2
Bologna,bo-0006-04-a,520,4,20.0,True,1
Bologna,bo-0111-02-a,640,3,16.91,False,1
Bologna,bo-0017-02-a,510,4,14.0,True,2
Bologna,bo-0027-01-a,540,4,11.0,False,1
Bologna,bo-0014-04-a,595,5,23.58,True,2
Bologna,bo-0073-02-a,600,6,15.0,True,2
Bologna,bo-0075-03-a,660,7,23.0,True,2
Bologna,bo-0074-02-a,585,5,11.0,True,2
Bologna,bo-0035-02-a,585,2,15.0,False,1
Bologna,bo-0082-07-a,490,10,10.73,False,3
Bologna,bo-0082-05-a,490,10,10.44,False,3
Bologna,bo-0059-01-a,585,5,15.0,True,2
Bologna,bo-0066-06-a,585,7,18.0,True,2
Bologna,bo-0058-06-a,570,7,14.0,True,2
Bologna,bo-0064-06-a,570,6,15.0,True,2
Bologna,bo-0059-05-a,570,5,14.0,True,2
Bologna,bo-0063-01-a,580,6,15.0,True,2
Bologna,bo-0060-05-a,570,6,15.0,True,2
Bologna,bo-0058-01-a,580,7,14.0,True,2
Bologna,bo-0060-02-a,580,6,17.0,True,2
Bologna,bo-0065-03-a,585,6,16.0,True,2
Bologna,bo-0058-02-a,595,7,16.0,True,2
Bologna,bo-0061-05-a,585,6,15.0,True,2
Bologna,bo-0064-04-a,585,6,16.0,True,2
Bologna,bo-0064-03-a,615,6,22.0,True,2
Bologna,bo-0088-03-a,560,8,17.47,True,3
Bologna,bo-0065-01-a,570,6,14.0,True,2
Bologna,bo-0060-03-a,555,6,13.0,False,2
Bologna,bo-0047-01-a,555,5,20.0,True,2
Bologna,bo-0009-02-a,580,5,14.0,True,2
Bologna,bo-0047-05-a,540,5,19.0,True,2
Bologna,bo-0081-02-a,560,3,15.0,True,2
Bologna,bo-0088-06-a,540,8,13.96,False,3
Bologna,bo-0088-04-a,555,8,16.2,True,3
Bologna,bo-0063-04-a,585,6,16.0,True,2
Bologna,bo-0046-02-a,640,4,20.0,True,2
Bologna,bo-0022-04-a,545,6,12.0,True,2
Bologna,bo-0069-06-a,560,6,16.0,True,2
Bologna,bo-0019-04-a,505,4,20.0,True,1
Bologna,bo-0070-05-a,555,7,13.0,True,2
Bologna,bo-0066-02-a,580,7,17.0,True,2
Bologna,bo-0082-06-a,490,10,10.37,False,3
Bologna,bo-0008-01-a,760,3,22.0,True,2
Bologna,bo-0010-03-a,720,5,20.0,False,2
Bologna,bo-0047-04-a,530,5,15.0,True,2
Bologna,bo-0101-05-a,675,7,24.74,True,3
Bologna,bo-0056-04-a,630,5,20.0,True,2
Bologna,bo-0085-02-a,745,3,17.56,True,1
Bologna,bo-0084-03-a,790,3,16.27,True,1
Bologna,bo-0084-01-a,800,3,16.42,True,1
Bologna,bo-0082-08-a,635,10,17.01,True,3
Bologna,bo-0014-03-a,650,5,13.8,True,2
Bologna,bo-0027-03-a,700,4,14.95,False,1
Bologna,bo-0082-10-a,610,10,10.47,False,3
Bologna,bo-0002-01-a,720,4,10.0,False,2
Bologna,bo-0082-09-a,610,10,10.49,False,3
Bologna,bo-0075-07-a,730,7,11.0,True,2
Bologna,bo-0002-03-a,750,4,23.0,True,2
Bologna,bo-0085-01-a,720,3,15.43,True,1
Bologna,bo-0066-07-a,720,7,17.0,True,2
Bologna,bo-0002-04-a,775,4,27.0,True,2
Bologna,bo-0067-01-a,690,6,14.0,True,2
Bologna,bo-0071-01-a,680,6,12.0,True,2
Bologna,bo-0022-02-a,720,6,16.0,True,2
Bologna,bo-0088-07-a,660,8,12.52,False,3
Bologna,bo-0022-03-a,680,6,11.0,True,2
Bologna,bo-0068-06-a,700,7,15.0,True,2
Bologna,bo-0060-01-a,720,6,15.0,True,2
Bologna,bo-0069-03-a,720,6,16.0,True,2
Bologna,bo-0087-01-a,650,8,10.35,False,3
Bologna,bo-0079-01-a,750,3,22.91,True,2
Bologna,bo-0089-01-a,650,8,11.27,False,3
Bologna,bo-0009-01-a,765,5,23.0,True,2
Bologna,bo-0062-06-a,750,6,19.0,True,2
Bologna,bo-0007-03-a,680,4,18.0,True,1
Bologna,bo-0058-05-a,790,7,20.0,True,2
Bologna,bo-0019-03-a,600,4,17.0,True,1
Bologna,bo-0035-01-a,690,2,10.0,False,1
Bologna,bo-0053-02-a,770,6,19.0,True,3
Bologna,bo-0076-01-a,800,5,20.0,True,2
Bologna,bo-0047-02-a,660,5,14.0,True,2
Bologna,bo-0044-04-a,810,6,24.0,True,2
Bologna,bo-0017-01-a,655,4,16.0,True,2
Bologna,bo-0070-07-a,750,7,20.0,True,2
Bologna,bo-0072-02-a,820,4,19.5,True,2
Bologna,bo-0044-05-a,730,6,18.0,True,2
Bologna,bo-0070-02-a,570,7,17.0,True,2
Bologna,bo-0101-04-a,780,7,18.75,True,3
Bologna,bo-0069-02-a,420,6,10.0,False,2
Milano,mi-0498-02-a,530,3,17.0,True,1
Milano,mi-0221-03-a,700,3,17.0,True,1
Milano,mi-0221-01-a,485,3,9.0,False,1
Milano,mi-1326-06-a,995,7,20.24,True,3
Milano,mi-0873-04-a,515,4,15.64,True,2
Milano,mi-1326-02-a,705,7,10.93,True,3
Milano,mi-0228-07-a,535,8,14.0,True,3
Milano,mi-1326-01-a,945,7,21.97,False,3
Milano,mi-0876-03-a,550,8,13.74,True,3
Milano,mi-0296-07-a,535,8,14.0,True,3
Milano,mi-0729-04-a,460,8,11.1,True,3
Milano,mi-0731-05-a,495,5,21.85,True,2
Milano,mi-0276-03-a,660,3,9.0,False,1
Milano,mi-0728-08-a,540,8,12.48,True,3
Milano,mi-0343-02-a,675,3,11.0,True,1
Milano,mi-0728-03-a,655,8,17.71,True,3
Milano,mi-0276-01-a,485,3,17.0,False,1
Milano,mi-0259-01-a,520,6,13.0,True,2
Milano,mi-0272-07-a,605,7,9.0,False,2
Milano,mi-0726-02-a,570,7,16.01,True,2
Milano,mi-0132-03-a,565,3,12.0,False,1
Milano,mi-0415-02-a,505,3,17.0,True,1
Milano,mi-0121-02-a,485,3,11.0,True,1
Milano,mi-0242-03-a,475,7,11.0,True,2
Milano,mi-0177-03-a,600,5,20.0,True,2
Milano,mi-1281-01-a,580,4,12.91,True,2
Milano,mi-1172-03-a,550,4,13.23,True,2
Milano,mi-0856-03-a,560,6,11.63,True,2
Milano,mi-0576-01-a,485,3,11.0,True,1
Milano,mi-0883-02-a,590,2,16.1,True,1
Milano,mi-1324-04-a,485,4,16.04,True,1
Milano,mi-0177-01-a,600,5,17.0,True,2
Milano,mi-0177-04-a,600,5,19.0,True,2
Milano,mi-0854-05-a,525,7,14.42,True,3
Milano,mi-0856-04-a,595,6,12.12,True,2
Milano,mi-0856-01-a,585,6,14.08,True,2
Milano,mi-0015-05-a,565,5,9.26,False,2
Milano,mi-1203-02-a,475,6,14.93,True,2
Milano,mi-1380-01-a,570,4,10.53,False,1
Milano,mi-0854-07-a,540,7,19.09,True,3
Milano,mi-1053-02-a,885,5,17.01,True,2
Milano,mi-0856-05-a,625,6,19.15,True,2
Milano,mi-1253-03-a,1075,3,14.89,True,1
Milano,mi-0376-04-a,1025,6,24.15,True,2
Milano,mi-0384-01-a,605,5,11.0,False,2
Milano,mi-0115-05-a,570,5,9.0,False,2
Milano,mi-0916-05-a,645,6,13.8,True,3
Milano,mi-1371-03-a,505,4,10.5,True,2
Milano,mi-1371-04-a,505,4,10.82,True,2
Milano,mi-1370-03-a,595,5,15.82,True,2
Milano,mi-1370-02-a,820,5,21.15,False,2
Milano,mi-0991-01-a,590,2,18.23,True,1
Milano,mi-0363-01-a,605,4,13.0,True,2
Milano,mi-0981-09-a,545,9,14.32,True,3
Milano,mi-1078-05-a,600,5,16.84,True,2
Milano,mi-0985-02-a,1145,3,16.38,True,2
Milano,mi-1355-02-a,565,3,14.63,True,1
Milano,mi-0828-04-a,700,6,10.35,True,3
Milano,mi-0961-03-a,510,4,17.58,True,2
Milano,mi-0348-03-a,530,3,12.0,True,1
Milano,mi-0347-05-a,540,5,14.0,True,2
Milano,mi-0344-06-a,515,9,16.0,True,3
Milano,mi-0351-05-a,520,5,12.0,False,2
Milano,mi-0980-03-a,810,5,19.12,True,2
Milano,mi-1355-03-a,565,3,16.56,True,1
Milano,mi-0828-06-a,945,6,12.31,True,3
Milano,mi-0354-01-a,385,6,10.0,False,2
Milano,mi-1355-01-a,550,3,16.25,False,1
Milano,mi-0829-03-a,650,6,17.04,True,2
Milano,mi-0352-04-a,490,4,13.0,True,1
Milano,mi-1077-01-a,775,4,14.21,True,2
Milano,mi-0826-06-a,625,6,14.19,True,2
Milano,mi-0313-01-a,605,5,17.0,True,2
Milano,mi-1067-01-a,545,3,15.56,True,1
Milano,mi-0951-03-a,530,3,10.38,False,1
Milano,mi-1347-01-a,700,6,11.21,True,2
Milano,mi-1057-06-a,520,6,13.77,True,2
Milano,mi-1057-01-a,725,6,13.69,True,2
Milano,mi-1068-01-a,585,3,15.56,True,1
Milano,mi-0951-02-a,535,3,13.34,True,1
Milano,mi-1331-01-a,930,4,12.8,True,2
Milano,mi-0043-01-a,775,4,21.0,True,2
Milano,mi-0667-02-a,495,5,14.0,True,2
Milano,mi-0738-03-a,995,7,14.62,True,4
Milano,mi-0738-02-a,965,7,11.35,True,4
Milano,mi-0043-03-a,590,4,15.0,True,2
Milano,mi-0902-03-a,500,4,12.89,True,3
Milano,mi-0750-03-a,470,5,17.49,True,3
Milano,mi-0300-04-a,605,4,16.0,True,1
Milano,mi-0752-01-a,460,5,15.23,True,3
Milano,mi-0751-03-a,495,5,17.34,True,3
Milano,mi-0738-01-a,995,7,16.23,True,4
Milano,mi-0940-01-a,635,6,10.49,True,3
Milano,mi-0738-07-a,655,7,9.2,False,4
Milano,mi-0749-06-a,470,6,10.26,True,3
Milano,mi-0230-02-a,565,4,20.0,True,1
Milano,mi-0133-03-a,530,7,22.0,True,2
Milano,mi-0749-02-a,430,6,14.96,True,3
Milano,mi-0724-01-a,690,6,11.86,False,2
Milano,mi-0725-05-a,890,7,15.3,True,2
Milano,mi-0725-04-a,890,7,15.3,True,2
Milano,mi-0727-03-a,540,3,11.27,True,1
Milano,mi-0233-01-a,580,3,21.0,False,1
Milano,mi-1319-05-a,705,6,13.5,True,2
Milano,mi-0578-03-a,540,3,11.0,True,1
Milano,mi-0245-01-a,705,4,19.0,True,2
Milano,mi-0579-06-a,440,6,11.0,True,2
Milano,mi-0708-03-a,565,3,23.0,True,1
Milano,mi-0706-01-a,555,4,20.06,True,2
Milano,mi-0703-04-a,555,4,18.42,True,2
Milano,mi-0582-02-a,1045,5,17.85,True,2
Milano,mi-0705-04-a,555,4,18.68,True,2
Milano,mi-0234-08-a,500,8,14.0,True,2
Milano,mi-0231-03-a,580,3,21.0,True,1
Milano,mi-0622-03-a,485,3,13.23,True,1
Milano,mi-0582-05-a,1045,5,21.8,True,2
Milano,mi-0712-01-a,565,3,21.0,True,1
Milano,mi-0704-01-a,565,4,18.4,True,2
Milano,mi-0913-02-a,530,3,19.17,True,2
Milano,mi-1073-02-a,540,7,21.86,True,3
Milano,mi-1091-01-a,750,5,13.98,True,2
Milano,mi-1073-07-a,550,7,9.64,True,3
Milano,mi-1091-03-a,535,5,18.3,True,2
Milano,mi-0563-01-a,475,6,10.0,False,3
Milano,mi-0568-06-a,485,6,14.0,True,2
Milano,mi-0555-02-a,555,4,18.0,True,2
Milano,mi-0554-02-a,525,6,17.0,True,2
Milano,mi-0535-01-a,550,4,17.0,True,1
Milano,mi-0762-06-a,580,7,15.84,True,3
Milano,mi-0535-03-a,525,4,11.0,True,1
Milano,mi-0551-04-a,545,4,16.0,True,2
Milano,mi-0563-02-a,525,6,17.0,True,3
Milano,mi-0559-01-a,545,4,20.0,True,2
Milano,mi-0479-04-a,505,6,13.0,True,3
Milano,mi-0481-02-a,545,3,19.0,True,1
Milano,mi-0554-04-a,525,6,17.0,True,2
Milano,mi-0533-03-a,650,6,18.0,True,3
Milano,mi-0476-02-a,545,3,15.0,False,1
Milano,mi-0767-04-a,700,6,14.89,True,2
Milano,mi-0801-04-a,590,4,19.53,True,2
Milano,mi-0493-03-a,535,5,16.0,True,2
Milano,mi-0850-06-a,605,8,11.22,True,3
Milano,mi-0767-05-a,590,6,13.57,True,2
Milano,mi-0850-07-a,790,8,21.3,True,3
Milano,mi-0482-03-a,545,4,16.0,False,2
Milano,mi-0169-01-a,705,4,14.0,True,1
Milano,mi-0169-03-a,1145,4,20.0,True,1
Milano,mi-0436-04-a,605,4,17.02,True,2
Milano,mi-0435-05-a,520,6,10.35,True,3
Milano,mi-0412-02-a,540,4,16.0,True,1
Milano,mi-0408-03-a,440,3,10.0,False,1
Milano,mi-0435-06-a,555,6,10.12,False,3
Milano,mi-0437-04-a,555,6,15.12,True,3
Milano,mi-0430-03-a,530,5,16.56,True,3
Milano,mi-0406-01-a,560,3,16.0,False,1
Milano,mi-0436-01-a,585,4,10.52,True,2
Milano,mi-0425-02-a,475,3,10.0,False,1
Milano,mi-0431-01-a,520,6,10.12,True,3
Milano,mi-0411-03-a,505,4,10.0,False,1
Milano,mi-0404-04-a,595,6,13.0,False,3
Milano,mi-0395-04-a,645,4,13.0,True,1
Milano,mi-0994-03-a,690,4,9.51,True,1
Milano,mi-0790-03-a,590,4,17.95,True,2
Milano,mi-0790-01-a,765,4,14.48,True,2
Milano,mi-0357-01-a,530,8,14.0,True,3
Milano,mi-0011-01-a,670,4,19.0,True,1
Milano,mi-0993-03-a,690,4,9.56,False,1
Milano,mi-0090-01-a,690,4,19.0,True,1
Milano,mi-0987-04-a,1025,4,19.84,True,3
Milano,mi-0785-04-a,555,5,16.45,True,2
Milano,mi-1072-01-a,660,5,12.01,True,2
Milano,mi-0335-02-a,520,5,20.0,True,2
Milano,mi-1351-02-a,705,5,16.45,True,2
Milano,mi-0362-05-a,600,5,12.0,True,2
Milano,mi-1072-02-a,525,5,16.41,True,2
Milano,mi-1069-03-a,520,5,9.45,True,2
Milano,mi-0074-02-a,640,3,20.0,True,1
Milano,mi-0335-01-a,650,5,12.0,False,2
Milano,mi-0506-03-a,530,6,10.0,False,3
Milano,mi-1069-01-a,640,5,9.23,True,2
Milano,mi-0109-03-a,690,4,9.42,False,1
Milano,mi-0508-05-a,555,6,9.0,False,3
Milano,mi-1063-04-a,725,5,19.01,True,2
Milano,mi-0311-04-a,505,4,26.0,True,2
Milano,mi-0949-03-a,605,4,10.93,False,2
Milano,mi-1063-05-a,580,5,11.51,True,2
Milano,mi-0311-01-a,495,4,21.0,True,2
Milano,mi-0508-01-a,525,6,13.0,True,3
Milano,mi-0057-03-a,555,6,14.0,True,2
Milano,mi-0495-08-a,550,11,20.0,True,5
Milano,mi-0048-03-a,720,3,20.0,True,1
Milano,mi-0170-03-a,1105,6,11.0,False,3
Milano,mi-1208-04-a,655,5,9.84,True,2
Milano,mi-0645-03-a,935,5,13.33,True,2
Milano,mi-0645-05-a,845,5,10.4,False,2
Milano,mi-0061-04-a,965,4,17.0,True,2
Milano,mi-1199-02-a,680,4,18.08,True,2
Milano,mi-0456-03-a,655,6,22.0,True,2
Milano,mi-1199-03-a,690,4,17.4,True,2
Milano,mi-1199-01-a,655,4,13.54,True,2
Milano,mi-1195-02-a,655,4,13.63,True,2
Milano,mi-0461-06-a,530,8,14.0,True,2
Milano,mi-0438-01-a,515,4,18.0,True,2
Milano,mi-1071-01-a,680,5,10.04,True,2
Milano,mi-0768-04-a,605,5,29.24,True,3
Milano,mi-1071-02-a,530,5,10.49,True,2
Milano,mi-1059-03-a,560,5,22.24,True,2
Milano,mi-0263-04-a,745,4,15.0,True,1
Milano,mi-1103-03-a,550,5,17.76,True,2
Milano,mi-0040-02-a,605,2,16.0,True,1
Milano,mi-1103-02-a,705,5,18.38,True,2
Milano,mi-0260-04-a,700,6,16.0,True,2
Milano,mi-1191-02-a,605,4,13.33,False,2
Milano,mi-1099-03-a,580,4,27.01,True,2
Milano,mi-1191-03-a,530,4,14.17,True,2
Milano,mi-0824-05-a,485,5,9.86,False,2
Milano,mi-1184-01-a,595,4,9.58,False,1
Milano,mi-0723-01-a,515,3,21.17,True,1
Milano,mi-0735-01-a,490,6,10.35,False,2
Milano,mi-0206-04-a,520,4,12.0,True,2
Milano,mi-0210-04-a,650,4,11.0,False,2
Milano,mi-0673-02-a,505,5,14.0,True,2
Milano,mi-0207-02-a,665,3,13.0,True,1
Milano,mi-0812-06-a,765,6,15.78,True,2
Milano,mi-0543-02-a,560,4,24.0,True,2
Milano,mi-0094-02-a,935,6,16.0,True,3
Milano,mi-0374-02-a,545,5,16.0,True,2
Milano,mi-0534-03-a,610,3,19.0,True,1
Milano,mi-1345-01-a,970,3,18.6,False,2
Milano,mi-0717-01-a,540,3,11.0,True,1
Milano,mi-0875-04-a,550,8,12.42,True,3
Milano,mi-0341-01-a,675,4,15.0,True,1
Milano,mi-0814-07-a,600,7,9.82,True,3
Milano,mi-0517-02-a,585,2,16.0,True,1
Milano,mi-0246-02-a,700,4,12.0,True,2
Milano,mi-0260-05-a,995,6,14.0,True,2
Milano,mi-0273-03-a,520,4,11.0,True,1
Milano,mi-0929-03-a,530,7,14.49,True,3
Milano,mi-0860-04-a,830,6,19.08,True,2
Milano,mi-0357-08-a,495,8,11.0,True,3
Milano,mi-0919-06-a,570,6,20.7,True,3
Milano,mi-0826-03-a,625,6,25.27,True,2
Milano,mi-0473-02-a,545,3,16.0,True,1
Milano,mi-0357-02-a,515,8,14.0,False,3
Milano,mi-1071-04-a,705,5,14.62,True,2
Milano,mi-1359-02-a,830,3,15.49,False,1
Milano,mi-1252-01-a,1075,3,15.65,True,1
Milano,mi-0125-03-a,700,4,15.0,True,2
Milano,mi-1256-05-a,695,6,17.53,True,3
Milano,mi-0642-02-a,1035,6,14.0,True,3
Milano,mi-1128-01-a,605,3,19.41,True,1
Milano,mi-0642-04-a,1035,6,14.0,True,3
Milano,mi-0458-02-a,640,3,20.0,True,1
Milano,mi-0877-03-a,805,6,20.45,True,3
Milano,mi-0190-03-a,535,4,11.0,True,1
Milano,mi-0542-03-a,690,4,15.0,True,2
Milano,mi-1256-02-a,975,6,20.17,True,3
Milano,mi-0016-03-a,595,4,11.0,False,1
Milano,mi-0358-01-a,670,12,20.0,True,5
Milano,mi-0431-05-a,595,6,15.53,True,3
Milano,mi-1351-01-a,960,5,12.55,False,2
Milano,mi-0440-01-a,630,4,12.0,True,2
Milano,mi-0961-02-a,550,4,16.8,True,2
Milano,mi-0349-04-a,490,5,12.0,True,2
Milano,mi-0564-01-a,545,4,19.0,True,2
Milano,mi-0283-04-a,995,4,12.0,True,2
Milano,mi-0249-02-a,590,2,20.0,False,1
Milano,mi-0358-09-a,685,12,13.0,True,5
Milano,mi-0740-04-a,545,5,13.62,False,2
Milano,mi-1372-01-a,600,2,15.93,False,1
Milano,mi-1102-04-a,710,5,14.8,True,2
Milano,mi-0595-01-a,680,2,11.44,True,1
Milano,mi-0740-01-a,525,5,11.32,True,2
Milano,mi-0537-03-a,485,3,9.0,False,1
Milano,mi-0865-06-a,655,6,10.53,True,2
Milano,mi-0533-04-a,585,6,16.0,True,3
Milano,mi-0386-04-a,535,4,19.0,True,2
Milano,mi-0150-03-a,680,8,17.0,True,3
Milano,mi-0227-05-a,475,8,11.0,False,3
Milano,mi-0848-02-a,600,6,19.56,True,2
Milano,mi-0304-02-a,655,4,11.0,True,1
Milano,mi-1377-05-a,705,5,9.66,True,2
Milano,mi-0953-02-a,700,5,15.53,True,2
Milano,mi-0406-02-a,540,3,9.0,False,1
Milano,mi-0534-02-a,650,3,19.0,True,1
Milano,mi-1346-03-a,1030,4,23.39,True,2
Milano,mi-0829-01-a,560,6,9.46,True,2
Milano,mi-0363-02-a,605,4,21.0,True,2
Milano,mi-0948-02-a,555,4,18.42,True,1
Milano,mi-0877-01-a,685,6,12.35,True,3
Milano,mi-0785-01-a,690,5,14.72,True,2
Milano,mi-0582-04-a,1045,5,14.39,True,2
Milano,mi-1248-02-a,1045,2,19.5,True,1
Milano,mi-1200-03-a,530,7,15.64,False,3
Milano,mi-0399-03-a,545,4,11.0,True,2
Milano,mi-0240-03-a,585,5,20.0,True,2
Milano,mi-0234-05-a,620,8,10.0,False,2
Milano,mi-0050-01-a,605,5,14.0,True,2
Milano,mi-1326-04-a,995,7,13.23,True,3
Milano,mi-0737-03-a,625,6,10.7,True,2
Milano,mi-0223-01-a,550,4,15.0,True,1
Milano,mi-0729-03-a,465,8,17.71,True,3
Milano,mi-0449-02-a,505,3,17.0,False,1
Milano,mi-0875-02-a,665,8,18.11,True,3
Milano,mi-0190-04-a,655,4,11.0,True,1
Milano,mi-0273-02-a,655,4,11.0,True,1
Milano,mi-0279-03-a,505,4,11.0,True,1
Milano,mi-0541-02-a,505,3,17.0,False,1
Milano,mi-0538-02-a,485,3,11.0,True,1
Milano,mi-0339-03-a,475,3,9.0,False,1
Milano,mi-0538-01-a,475,3,10.0,False,1
Milano,mi-0399-02-a,695,4,10.0,False,2
Milano,mi-0577-02-a,685,7,13.0,True,3
Milano,mi-0521-05-a,570,5,19.0,True,2
Milano,mi-0934-04-a,485,4,14.78,True,1
Milano,mi-0110-05-a,595,7,21.0,True,2
Milano,mi-0577-05-a,550,7,11.0,True,3
Milano,mi-0459-03-a,550,3,26.0,True,1
Milano,mi-0917-05-a,620,5,13.8,True,2
Milano,mi-1374-03-a,680,4,15.54,False,1
Milano,mi-1329-02-a,685,4,11.94,True,1
Milano,mi-0191-04-a,690,5,14.0,True,2
Milano,mi-1227-03-a,685,4,13.98,True,2
Milano,mi-1053-03-a,885,5,13.87,True,2
Milano,mi-1258-03-a,655,4,9.64,False,2
Milano,mi-0125-04-a,1075,4,18.0,True,2
Milano,mi-0252-04-a,590,4,12.0,False,1
Milano,mi-0384-05-a,840,5,11.0,True,2
Milano,mi-0914-08-a,905,11,12.65,True,4
Milano,mi-0914-06-a,650,11,21.85,False,4
Milano,mi-0376-05-a,1035,6,20.18,True,2
Milano,mi-0376-03-a,705,6,21.85,True,2
Milano,mi-1207-04-a,540,9,15.25,True,3
Milano,mi-0916-06-a,645,6,13.8,True,3
Milano,mi-0916-01-a,645,6,16.1,True,3
Milano,mi-0916-03-a,630,6,13.8,True,3
Milano,mi-0347-04-a,495,5,11.0,True,2
Milano,mi-0971-04-a,570,4,12.65,True,2
Milano,mi-1204-03-a,530,8,17.11,True,3
Milano,mi-1078-03-a,800,5,17.07,True,2
Milano,mi-0374-05-a,545,5,15.0,True,2
Milano,mi-0348-02-a,535,3,16.0,True,1
Milano,mi-0354-05-a,530,6,16.0,True,2
Milano,mi-0348-01-a,550,3,21.0,True,1
Milano,mi-0344-07-a,525,9,19.0,True,3
Milano,mi-0353-01-a,505,6,15.0,True,3
Milano,mi-0829-04-a,650,6,18.46,True,2
Milano,mi-1077-04-a,680,4,17.41,True,2
Milano,mi-0929-07-a,510,7,11.5,False,3
Milano,mi-0333-01-a,585,6,16.0,True,2
Milano,mi-0940-02-a,850,6,20.79,True,3
Milano,mi-0940-04-a,850,6,19.39,True,3
Milano,mi-0665-03-a,605,5,14.0,True,2
Milano,mi-0062-04-a,585,5,16.0,True,2
Milano,mi-0300-03-a,890,4,13.0,True,1
Milano,mi-0738-04-a,995,7,20.47,True,4
Milano,mi-1331-04-a,960,4,12.4,True,2
Milano,mi-1322-02-a,555,6,18.52,True,2
Milano,mi-1319-01-a,965,6,16.86,True,2
Milano,mi-0209-01-a,715,4,11.0,False,1
Milano,mi-0150-04-a,680,8,18.0,True,3
Milano,mi-0245-02-a,975,4,19.0,True,2
Milano,mi-0622-02-a,515,3,10.93,True,1
Milano,mi-0209-02-a,775,4,20.0,True,1
Milano,mi-0727-02-a,525,3,10.24,False,1
Milano,mi-0860-05-a,630,6,13.06,True,2
Milano,mi-0544-05-a,610,6,23.0,True,3
Milano,mi-0234-02-a,680,8,22.0,True,2
Milano,mi-1055-01-a,545,6,10.27,True,2
Milano,mi-1073-01-a,495,7,9.37,True,3
Milano,mi-0549-04-a,545,4,16.0,True,2
Milano,mi-0174-04-a,700,4,15.0,True,1
Milano,mi-0173-03-a,580,6,13.0,True,3
Milano,mi-0548-02-a,545,3,18.0,True,1
Milano,mi-1073-06-a,495,7,11.67,True,3
Milano,mi-0533-06-a,665,6,21.0,True,3
Milano,mi-0560-04-a,555,4,19.0,True,2
Milano,mi-0536-03-a,465,3,9.0,False,1
Milano,mi-0803-02-a,650,5,15.96,True,2
Milano,mi-1080-03-a,605,5,18.84,True,2
Milano,mi-0493-01-a,525,5,12.0,False,2
Milano,mi-0492-03-a,525,6,15.0,True,2
Milano,mi-0427-03-a,570,3,17.0,True,1
Milano,mi-0428-01-a,530,4,10.0,True,1
Milano,mi-1250-02-a,895,3,14.35,True,2
Milano,mi-0431-03-a,575,6,11.5,True,3
Milano,mi-0099-01-a,590,2,21.0,False,1
Milano,mi-0437-05-a,590,6,10.35,True,3
Milano,mi-0431-02-a,595,6,17.48,True,3
Milano,mi-0757-01-a,550,4,18.4,True,2
Milano,mi-0842-03-a,575,4,17.89,False,2
Milano,mi-1377-02-a,1080,5,20.24,True,2
Milano,mi-0437-01-a,610,6,13.23,True,3
Milano,mi-0437-03-a,610,6,22.08,True,3
Milano,mi-0408-01-a,560,3,16.0,True,1
Milano,mi-0398-05-a,555,5,20.0,True,2
Milano,mi-0398-04-a,565,5,25.0,True,2
Milano,mi-0973-01-a,530,3,20.82,True,1
Milano,mi-0358-10-a,670,12,17.0,True,5
Milano,mi-0080-04-a,555,4,17.0,True,2
Milano,mi-0075-02-a,555,4,22.0,True,2
Milano,mi-1216-06-a,905,8,18.2,True,3
Milano,mi-0008-03-a,620,4,17.0,True,2
Milano,mi-0973-03-a,530,3,12.63,True,1
Milano,mi-0848-05-a,835,6,17.94,True,2
Milano,mi-0505-01-a,510,6,13.0,True,3
Milano,mi-0506-04-a,560,6,15.0,True,3
Milano,mi-0509-06-a,560,6,14.0,True,3
Milano,mi-0949-04-a,530,4,9.64,True,2
Milano,mi-0526-04-a,555,4,14.0,True,1
Milano,mi-0508-03-a,530,6,10.0,False,3
Milano,mi-0509-01-a,560,6,14.0,True,3
Milano,mi-1216-05-a,650,8,18.25,True,3
Milano,mi-0526-03-a,565,4,22.0,True,1
Milano,mi-0510-01-a,630,9,16.0,True,5
Milano,mi-0456-01-a,940,6,10.0,False,2
Milano,mi-0061-03-a,695,4,18.0,True,2
Milano,mi-1060-01-a,560,4,16.7,True,2
Milano,mi-0456-05-a,990,6,24.0,True,2
Milano,mi-1208-02-a,935,5,15.21,False,2
Milano,mi-0918-03-a,605,6,18.4,True,2
Milano,mi-0109-04-a,955,4,23.0,True,1
Milano,mi-1268-03-a,895,6,17.94,True,2
Milano,mi-1190-02-a,580,4,12.34,True,2
Milano,mi-0034-05-a,600,6,19.0,True,3
Milano,mi-0907-01-a,625,5,23.0,True,2
Milano,mi-0862-03-a,585,8,15.58,True,3
Milano,mi-0864-01-a,625,6,19.31,True,2
Milano,mi-0210-03-a,900,4,31.0,True,2
Milano,mi-0207-03-a,680,3,20.0,True,1
Milano,mi-0460-01-a,505,3,10.0,True,1
Milano,mi-0861-07-a,585,7,11.55,True,3
Milano,mi-0861-05-a,590,7,17.47,True,3
Milano,mi-0016-04-a,850,4,16.0,True,1
Milano,mi-0861-02-a,590,7,14.05,True,3
Milano,mi-1204-08-a,505,8,9.56,True,3
Milano,mi-0460-02-a,550,3,19.0,True,1
Milano,mi-1266-01-a,545,2,14.73,True,1
Milano,mi-0861-06-a,590,7,20.23,True,3
Milano,mi-0344-02-a,490,9,13.0,False,3
Milano,mi-0936-01-a,640,4,16.27,True,2
Milano,mi-0347-01-a,515,5,16.0,True,2
Milano,mi-0570-02-a,530,5,10.0,False,2
Milano,mi-1225-04-a,695,4,23.24,True,1
Milano,mi-0993-04-a,975,4,21.45,True,1
Milano,mi-0724-02-a,1095,6,9.23,True,2
Milano,mi-0231-02-a,685,3,20.0,True,1
Milano,mi-0359-02-a,685,6,17.0,True,2
Milano,mi-0375-04-a,530,5,11.0,True,2
Milano,mi-0813-03-a,585,4,24.51,True,2
Milano,mi-1089-04-a,560,5,15.95,True,2
Milano,mi-0673-04-a,630,5,14.0,True,2
Milano,mi-0129-04-a,650,4,24.73,True,2
Milano,mi-0853-02-a,535,5,10.17,True,3
Milano,mi-0493-05-a,535,5,14.0,True,2
Milano,mi-0230-03-a,735,4,21.0,True,1
Milano,mi-1055-05-a,570,6,18.2,True,2
Milano,mi-0356-01-a,700,5,19.0,True,2
Milano,mi-1243-03-a,560,3,19.22,True,1
Milano,mi-0775-02-a,625,3,21.54,True,1
Milano,mi-0904-04-a,545,5,13.51,True,2
Milano,mi-0631-02-a,625,5,10.37,True,2
Milano,mi-0748-02-a,580,2,13.21,True,1
Milano,mi-0490-03-a,535,4,20.0,True,1
Milano,mi-1086-02-a,530,3,13.32,True,2
Milano,mi-1326-05-a,995,7,17.25,True,3
Milano,mi-1207-02-a,520,9,12.47,True,3
Milano,mi-1235-01-a,705,4,15.11,True,2
Milano,mi-0350-05-a,460,5,10.0,False,2
Milano,mi-0016-01-a,825,4,11.0,True,1
Milano,mi-0768-01-a,795,5,25.69,True,3
Milano,mi-0150-07-a,680,8,17.0,True,3
Milano,mi-0690-01-a,585,2,18.0,True,1
Milano,mi-0032-04-a,625,4,12.0,True,2
Milano,mi-0848-04-a,835,6,23.22,True,2
Milano,mi-0786-02-a,610,4,20.57,True,2
Milano,mi-1130-03-a,600,5,18.64,True,2
Milano,mi-0758-03-a,610,4,16.34,True,2
Milano,mi-0862-06-a,570,8,16.02,True,3
Milano,mi-0358-05-a,670,12,17.0,True,5
Milano,mi-0828-03-a,865,6,14.61,True,3
Milano,mi-1216-03-a,865,8,16.04,True,3
Milano,mi-0193-02-a,690,4,17.0,True,2
Milano,mi-0252-01-a,785,4,17.0,True,1
Milano,mi-0717-03-a,525,3,11.0,True,1
Milano,mi-0717-02-a,525,3,10.0,True,1
Milano,mi-1070-05-a,585,5,18.98,True,2
Milano,mi-0739-02-a,570,8,15.02,True,3
Milano,mi-0787-03-a,625,4,14.57,True,2
Milano,mi-0456-04-a,1010,6,18.0,True,2
Milano,mi-1347-06-a,1120,6,23.05,True,2
Milano,mi-1235-03-a,935,4,20.8,True,2
Milano,mi-0864-06-a,625,6,13.25,True,2
Milano,mi-0485-01-a,525,5,12.0,True,2
Milano,mi-0526-02-a,565,4,21.0,True,1
Milano,mi-1263-02-a,505,3,12.78,False,2
Milano,mi-0911-02-a,755,4,16.1,True,2
Milano,mi-0358-06-a,670,12,17.0,True,5
Milano,mi-0112-02-a,750,5,17.0,True,2
Milano,mi-0873-02-a,515,4,16.73,True,2
Milano,mi-0902-04-a,725,4,24.87,True,3
Milano,mi-1066-02-a,595,4,17.04,True,2
Milano,mi-0865-02-a,760,6,20.76,True,2
Milano,mi-0728-06-a,655,8,18.8,True,3
Milano,mi-0843-08-a,730,9,14.7,True,3
Milano,mi-1090-02-a,605,2,13.11,True,1
Milano,mi-0877-06-a,685,6,16.23,True,3
Milano,mi-0732-02-a,550,8,18.63,True,3
Milano,mi-0706-04-a,555,4,18.55,True,2
Milano,mi-0436-03-a,620,4,21.05,True,2
Milano,mi-0032-02-a,655,4,26.0,True,2
Milano,mi-0846-04-a,785,5,11.48,True,2
Milano,mi-1021-04-a,500,7,13.71,True,4
Milano,mi-0083-02-a,590,3,20.0,True,1
Milano,mi-0762-05-a,780,7,20.75,True,3
Milano,mi-1377-03-a,1080,5,20.83,True,2
Milano,mi-1204-07-a,530,8,15.36,True,3
Milano,mi-0032-03-a,655,4,18.0,True,2
Milano,mi-0861-04-a,590,7,17.66,True,3
Milano,mi-1207-01-a,540,9,18.2,True,3
Milano,mi-0173-02-a,580,6,14.0,True,3
Milano,mi-0111-02-a,965,4,13.0,True,2
Milano,mi-0259-03-a,640,6,9.0,False,2
Milano,mi-0725-02-a,890,7,13.05,True,2
Milano,mi-0913-03-a,585,3,14.44,True,2
Milano,mi-0537-01-a,505,3,17.0,True,1
Milano,mi-1372-02-a,840,2,14.17,False,1
Milano,mi-1235-04-a,925,4,13.17,True,2
Milano,mi-0435-04-a,575,6,15.07,True,3
Milano,mi-0940-05-a,870,6,15.11,True,3
Milano,mi-1217-05-a,640,5,18.6,True,2
Milano,mi-0456-02-a,990,6,15.0,True,2
Milano,mi-0508-04-a,560,6,15.0,True,3
Milano,mi-0994-02-a,875,4,13.72,True,1
Milano,mi-0732-05-a,655,8,16.79,True,3
Milano,mi-0034-02-a,775,6,16.0,True,3
Milano,mi-0110-01-a,655,7,8.0,False,2
Milano,mi-0917-04-a,760,5,20.7,True,2
Milano,mi-0907-04-a,625,5,17.25,True,2
Milano,mi-0917-03-a,750,5,18.4,True,2
Milano,mi-0275-02-a,600,4,12.0,True,1
Milano,mi-0376-02-a,1025,6,28.32,True,2
Milano,mi-0206-03-a,595,4,23.0,True,2
Milano,mi-1248-01-a,750,2,17.01,True,1
Milano,mi-1180-04-a,545,5,19.55,True,2
Milano,mi-0281-03-a,720,3,21.0,True,1
Milano,mi-0834-05-a,570,5,12.68,True,2
Milano,mi-0874-05-a,655,8,16.73,True,3
Milano,mi-0509-02-a,495,6,15.0,True,3
Milano,mi-0762-03-a,780,7,20.3,True,3
Milano,mi-0953-05-a,900,5,10.19,True,2
Milano,mi-0812-05-a,765,6,16.27,True,2
Milano,mi-0829-06-a,660,6,18.38,False,2
Milano,mi-0935-03-a,465,4,11.18,True,1
Milano,mi-0665-01-a,595,5,14.0,False,2
Milano,mi-0762-01-a,740,7,10.91,True,3
Milano,mi-0828-05-a,945,6,12.65,True,3
Milano,mi-0797-03-a,870,4,12.42,True,2
Milano,mi-0268-01-a,545,5,10.0,False,2
Milano,mi-1346-01-a,990,4,11.81,True,2
Milano,mi-0725-06-a,645,7,12.13,True,2
Milano,mi-1206-02-a,520,9,10.33,True,3
Milano,mi-1268-05-a,915,6,20.22,True,2
Milano,mi-1024-03-a,610,4,21.63,True,2
Milano,mi-0451-04-a,515,4,10.0,False,1
Milano,mi-1376-02-a,980,2,21.33,True,1
Milano,mi-0876-04-a,645,8,12.42,True,3
Milano,mi-0901-04-a,725,4,24.45,True,3
Milano,mi-1054-01-a,565,5,20.06,True,2
Milano,mi-0346-03-a,520,6,17.0,True,2
Milano,mi-0234-01-a,680,8,16.0,True,2
Milano,mi-0436-02-a,620,4,24.15,True,2
Milano,mi-0354-03-a,530,6,16.0,True,2
Milano,mi-0101-04-a,725,4,11.0,True,1
Milano,mi-1066-04-a,580,4,9.95,True,2
Milano,mi-0080-03-a,720,4,20.0,True,2
Milano,mi-0115-01-a,775,5,15.0,True,2
Milano,mi-0284-02-a,650,3,19.0,True,1
Milano,mi-1065-02-a,610,4,14.0,False,2
Milano,mi-0553-02-a,565,4,21.0,True,2
Milano,mi-0732-03-a,655,8,17.71,True,3
Milano,mi-0726-05-a,610,7,13.95,True,2
Milano,mi-1256-06-a,980,6,11.35,True,3
Milano,mi-0426-02-a,495,3,10.0,False,1
Milano,mi-1381-04-a,890,4,19.41,False,2
Milano,mi-0814-03-a,770,7,21.42,True,3
Milano,mi-1021-02-a,500,7,16.72,True,4
Milano,mi-0803-04-a,760,5,13.42,True,2
Milano,mi-0505-06-a,510,6,15.0,True,3
Milano,mi-0981-03-a,545,9,17.35,True,3
Milano,mi-0383-01-a,530,5,10.0,False,2
Milano,mi-1137-01-a,720,3,14.33,True,1
Milano,mi-0352-03-a,530,4,18.0,True,1
Milano,mi-0981-08-a,510,9,14.54,True,3
Milano,mi-0607-03-a,975,4,21.15,False,1
Milano,mi-0980-02-a,790,5,18.45,True,2
Milano,mi-0861-01-a,590,7,15.99,True,3
Milano,mi-0980-05-a,740,5,10.14,False,2
Milano,mi-0253-01-a,595,3,14.0,True,1
Milano,mi-0750-01-a,520,5,15.13,True,3
Milano,mi-0145-04-a,600,5,13.95,True,2
Milano,mi-0025-04-a,560,4,19.0,True,1
Milano,mi-0559-02-a,545,4,19.0,True,2
Milano,mi-0476-03-a,565,3,20.0,True,1
Milano,mi-0115-02-a,775,5,13.0,True,2
Milano,mi-0544-04-a,610,6,12.0,True,3
Milano,mi-1064-06-a,515,6,9.61,False,2
Milano,mi-0487-01-a,545,4,19.0,True,2
Milano,mi-1398-03-a,750,3,9.66,True,1
Milano,mi-1399-01-a,750,3,10.17,True,1
Milano,mi-1060-04-a,575,4,17.84,True,2
Milano,mi-1400-01-a,665,3,9.55,True,1
Milano,mi-1388-01-a,590,3,9.55,True,1
Milano,mi-1398-02-a,780,3,11.27,False,1
Milano,mi-1341-01-a,685,3,10.53,False,1
Milano,mi-1341-03-a,695,3,11.22,False,1
Milano,mi-1388-03-a,590,3,11.27,True,1
Milano,mi-1388-02-a,695,3,17.25,False,1
Milano,mi-1399-03-a,780,3,11.07,True,1
Milano,mi-1398-01-a,840,3,18.17,True,1
Milano,mi-1399-02-a,820,3,17.26,True,1
Milano,mi-1339-02-a,735,3,17.23,False,1
Milano,mi-1286-02-a,860,2,9.88,False,1
Milano,mi-1335-03-a,635,3,9.42,False,1
Milano,mi-0402-03-a,610,3,10.0,False,1
Milano,mi-0401-02-a,620,4,12.0,True,1
Milano,mi-0392-01-a,590,4,12.0,True,1
Milano,mi-0874-03-a,625,8,13.74,True,3
Milano,mi-0874-01-a,655,8,14.55,True,3
Milano,mi-0874-08-a,625,8,9.55,True,3
Milano,mi-0367-02-a,655,4,11.0,True,1
Milano,mi-0296-08-a,665,8,17.0,True,3
Milano,mi-0295-04-a,645,8,11.0,False,3
Milano,mi-0737-01-a,860,6,18.06,True,2
Milano,mi-0876-06-a,665,8,16.68,True,3
Milano,mi-0539-02-a,680,4,12.0,True,1
Milano,mi-0341-03-a,665,4,11.0,True,1
Milano,mi-0449-03-a,690,3,10.0,True,1
Milano,mi-0378-03-a,715,3,17.0,True,1
Milano,mi-0222-04-a,655,4,11.0,True,1
Milano,mi-0729-05-a,575,8,16.79,True,3
Milano,mi-0259-06-a,605,6,13.0,True,2
Milano,mi-0132-02-a,700,3,17.0,True,1
Milano,mi-0132-01-a,660,3,11.0,False,1
Milano,mi-0538-03-a,715,3,17.0,True,1
Milano,mi-0274-02-a,675,3,11.0,True,1
Milano,mi-0120-02-a,660,3,11.0,False,1
Milano,mi-0273-04-a,655,4,11.0,True,1
Milano,mi-0242-04-a,655,7,17.0,True,2
Milano,mi-1374-02-a,1035,4,13.64,False,1
Milano,mi-0825-02-a,760,6,14.48,True,2
Milano,mi-0110-07-a,680,7,18.0,True,2
Milano,mi-0119-06-a,695,6,11.0,True,3
Milano,mi-0825-03-a,715,6,12.32,True,2
Milano,mi-1172-01-a,500,4,9.99,False,2
Milano,mi-1330-02-a,755,3,17.76,True,1
Milano,mi-0746-01-a,690,3,10.57,True,1
Milano,mi-0769-06-a,815,6,24.59,True,2
Milano,mi-0769-04-a,815,6,17.85,True,2
Milano,mi-1282-03-a,875,5,15.57,True,2
Milano,mi-1281-03-a,790,4,15.18,True,2
Milano,mi-0855-03-a,765,7,12.98,True,2
Milano,mi-1054-03-a,755,5,13.87,True,2
Milano,mi-0191-01-a,740,5,11.0,False,2
Milano,mi-0855-04-a,670,7,12.93,True,2
Milano,mi-1318-02-a,845,2,17.22,True,1
Milano,mi-0522-01-a,670,4,17.0,True,1
Milano,mi-0855-07-a,795,7,16.61,True,2
Milano,mi-0397-06-a,835,10,18.0,True,3
Milano,mi-0855-06-a,795,7,17.17,True,2
Milano,mi-0855-05-a,795,7,14.98,True,2
Milano,mi-0853-03-a,735,5,11.16,True,3
Milano,mi-0855-02-a,795,7,21.47,True,2
Milano,mi-1244-02-a,780,4,16.8,True,2
Milano,mi-1259-01-a,810,3,14.94,True,1
Milano,mi-0855-01-a,795,7,17.28,False,2
Milano,mi-1242-02-a,745,3,17.37,True,1
Milano,mi-1258-04-a,885,4,29.64,False,2
Milano,mi-0781-04-a,775,5,22.18,True,2
Milano,mi-0781-03-a,775,5,22.99,True,2
Milano,mi-0846-03-a,810,5,13.66,True,2
Milano,mi-0846-01-a,810,5,15.57,True,2
Milano,mi-0781-02-a,715,5,13.49,True,2
Milano,mi-0839-01-a,715,6,9.69,False,2
Milano,mi-0841-02-a,770,5,22.51,True,2
Milano,mi-1022-02-a,945,6,21.8,True,2
Milano,mi-0839-04-a,745,6,14.55,True,2
Milano,mi-1375-02-a,930,3,14.03,False,2
Milano,mi-0115-04-a,775,5,18.0,True,2
Milano,mi-1022-01-a,945,6,18.01,True,2
Milano,mi-1050-05-a,915,5,11.68,True,2
Milano,mi-0914-02-a,905,11,21.85,True,4
Milano,mi-1207-09-a,720,9,18.87,True,3
Milano,mi-0642-01-a,1035,6,14.0,True,3
Milano,mi-1373-04-a,855,6,15.76,True,2
Milano,mi-0916-02-a,815,6,12.65,True,3
Milano,mi-1373-03-a,875,6,20.01,False,2
Milano,mi-0835-04-a,885,5,14.61,True,2
Milano,mi-1204-02-a,675,8,10.15,True,3
Milano,mi-0916-04-a,860,6,20.7,True,3
Milano,mi-1206-01-a,735,9,19.8,True,3
Milano,mi-0986-01-a,720,3,16.05,True,1
Milano,mi-0986-02-a,615,3,14.26,True,1
Milano,mi-1371-01-a,700,4,13.77,False,2
Milano,mi-1359-03-a,850,3,18.29,True,1
Milano,mi-0981-02-a,725,9,15.87,True,3
Milano,mi-0981-06-a,725,9,17.57,True,3
Milano,mi-0350-04-a,655,5,12.0,True,2
Milano,mi-0971-02-a,765,4,18.65,True,2
Milano,mi-0981-04-a,725,9,19.44,True,3
Milano,mi-0353-05-a,705,6,18.0,True,3
Milano,mi-0988-02-a,750,5,17.34,True,2
Milano,mi-0831-05-a,850,5,13.51,True,2
Milano,mi-0347-02-a,690,5,14.0,True,2
Milano,mi-0351-04-a,715,5,21.0,True,2
Milano,mi-0346-01-a,710,6,20.0,True,2
Milano,mi-1356-01-a,705,3,16.25,False,1
Milano,mi-0333-06-a,795,6,22.0,True,2
Milano,mi-1350-05-a,780,5,10.04,False,2
Milano,mi-0828-02-a,975,6,14.95,True,3
Milano,mi-0958-02-a,735,3,15.96,True,1
Milano,mi-0380-06-a,725,7,14.0,True,2
Milano,mi-1194-01-a,810,2,20.55,False,1
Milano,mi-0336-01-a,725,3,10.0,False,1
Milano,mi-1065-04-a,770,4,9.83,True,2
Milano,mi-0336-02-a,765,3,16.0,True,1
Milano,mi-0929-02-a,705,7,16.16,True,3
Milano,mi-0458-03-a,735,3,18.0,True,1
Milano,mi-0062-02-a,780,5,17.0,True,2
Milano,mi-1088-05-a,715,5,18.81,True,2
Milano,mi-0218-02-a,735,5,12.0,True,2
Milano,mi-1337-03-a,645,4,11.11,True,1
Milano,mi-0086-02-a,685,4,21.0,True,1
Milano,mi-1237-02-a,985,2,14.72,True,1
Milano,mi-1323-01-a,865,5,18.86,True,2
Milano,mi-0904-05-a,730,5,18.55,True,2
Milano,mi-0114-03-a,705,4,15.0,True,1
Milano,mi-0150-02-a,680,8,15.0,True,3
Milano,mi-0133-04-a,680,7,21.0,True,2
Milano,mi-0528-01-a,620,3,18.0,True,1
Milano,mi-0150-05-a,680,8,21.0,True,3
Milano,mi-0134-02-a,705,4,21.0,True,1
Milano,mi-0122-03-a,700,7,18.0,True,3
Milano,mi-1001-03-a,745,5,23.0,True,3
Milano,mi-0814-05-a,790,7,20.9,True,3
Milano,mi-0708-01-a,525,3,13.0,True,1
Milano,mi-0150-01-a,680,8,18.0,True,3
Milano,mi-0702-01-a,545,4,19.86,True,2
Milano,mi-0245-04-a,1015,4,20.0,True,2
Milano,mi-0860-01-a,830,6,24.12,True,2
Milano,mi-0597-01-a,995,2,11.5,True,1
Milano,mi-1240-02-a,1010,4,20.92,True,2
Milano,mi-0621-01-a,750,2,14.24,True,1
Milano,mi-0621-02-a,750,2,15.97,True,1
Milano,mi-0568-03-a,735,6,13.0,True,2
Milano,mi-1055-03-a,770,6,17.32,True,2
Milano,mi-1090-01-a,765,2,14.18,True,1
Milano,mi-0811-04-a,825,4,19.69,False,2
Milano,mi-0542-04-a,905,4,17.0,False,2
Milano,mi-0205-03-a,760,3,23.0,True,1
Milano,mi-0558-03-a,545,4,18.0,True,2
Milano,mi-0546-02-a,685,3,18.0,False,1
Milano,mi-0550-01-a,545,4,19.0,True,2
Milano,mi-0566-04-a,555,4,19.0,True,2
Milano,mi-0533-02-a,885,6,21.0,True,3
Milano,mi-0535-04-a,755,4,11.0,True,1
Milano,mi-0545-02-a,905,2,13.0,True,1
Milano,mi-1223-02-a,825,4,11.52,True,2
Milano,mi-0554-03-a,515,6,16.0,True,2
Milano,mi-0565-02-a,525,5,15.0,True,2
Milano,mi-1143-03-a,785,6,12.62,True,2
Milano,mi-0762-07-a,780,7,19.25,True,3
Milano,mi-0529-04-a,725,5,12.0,True,2
Milano,mi-1183-02-a,710,4,17.66,True,2
Milano,mi-0484-04-a,505,6,13.0,True,2
Milano,mi-0468-06-a,620,8,10.64,True,3
Milano,mi-0489-02-a,525,4,19.0,True,1
Milano,mi-0468-07-a,645,8,20.82,True,3
Milano,mi-0493-02-a,545,5,17.0,True,2
Milano,mi-0484-03-a,525,6,18.0,True,2
Milano,mi-0481-03-a,515,3,17.0,True,1
Milano,mi-0467-04-a,670,4,16.1,True,1
Milano,mi-0465-01-a,645,4,11.16,True,1
Milano,mi-0467-01-a,645,4,11.21,True,1
Milano,mi-0169-04-a,1145,4,18.0,True,1
Milano,mi-0757-04-a,735,4,13.92,True,2
Milano,mi-0767-03-a,720,6,19.12,True,2
Milano,mi-0851-01-a,710,5,15.2,True,2
Milano,mi-0423-02-a,660,3,9.0,False,1
Milano,mi-0163-02-a,680,4,22.0,False,1
Milano,mi-0757-03-a,750,4,19.8,True,2
Milano,mi-0428-04-a,765,4,17.0,True,1
Milano,mi-0386-03-a,630,4,14.0,True,2
Milano,mi-0422-01-a,765,3,10.0,True,1
Milano,mi-0094-01-a,905,6,12.0,True,3
Milano,mi-0128-04-a,770,4,16.0,True,1
Milano,mi-0700-01-a,790,3,18.0,True,1
Milano,mi-0437-02-a,795,6,15.7,True,3
Milano,mi-0138-05-a,760,5,14.0,True,2
Milano,mi-1131-01-a,760,5,20.85,True,2
Milano,mi-0398-03-a,735,5,22.0,True,2
Milano,mi-0138-01-a,735,5,12.0,False,2
Milano,mi-0412-03-a,780,4,17.0,True,1
Milano,mi-0101-01-a,735,4,18.0,True,1
Milano,mi-0357-03-a,700,8,14.0,True,3
Milano,mi-0398-01-a,735,5,20.0,False,2
Milano,mi-0095-04-a,725,5,17.0,True,2
Milano,mi-0103-04-a,770,5,22.0,True,2
Milano,mi-0571-01-a,660,5,10.0,False,2
Milano,mi-0997-03-a,740,3,20.53,True,1
Milano,mi-0785-03-a,690,5,15.59,True,2
Milano,mi-1351-04-a,1010,5,19.39,True,2
Milano,mi-0082-02-a,825,5,20.0,True,2
Milano,mi-0358-04-a,915,12,15.0,True,5
Milano,mi-1225-02-a,995,4,11.35,True,1
Milano,mi-0358-03-a,915,12,14.0,True,5
Milano,mi-1219-02-a,790,4,20.09,True,2
Milano,mi-1218-01-a,770,2,18.14,True,1
Milano,mi-1217-03-a,605,5,14.52,True,2
Milano,mi-0778-02-a,760,6,16.34,True,2
Milano,mi-0571-03-a,685,5,20.0,True,2
Milano,mi-0070-02-a,860,4,8.0,False,2
Milano,mi-1222-01-a,825,5,15.11,True,3
Milano,mi-1070-02-a,775,5,18.63,True,2
Milano,mi-0515-02-a,700,3,11.0,False,1
Milano,mi-0302-03-a,645,4,19.0,True,2
Milano,mi-1069-02-a,735,5,10.79,True,2
Milano,mi-0507-05-a,705,6,9.0,False,3
Milano,mi-0505-03-a,635,6,10.0,False,3
Milano,mi-0508-06-a,660,6,15.0,True,3
Milano,mi-0949-02-a,735,4,14.98,True,2
Milano,mi-0514-03-a,720,3,10.0,False,1
Milano,mi-0512-02-a,700,3,10.0,False,1
Milano,mi-0503-02-a,770,3,19.0,True,1
Milano,mi-0507-06-a,750,6,15.0,True,3
Milano,mi-0067-02-a,740,5,14.0,True,2
Milano,mi-0067-03-a,635,5,18.0,True,2
Milano,mi-0523-04-a,735,4,17.0,True,1
Milano,mi-1062-02-a,770,3,19.8,True,1
Milano,mi-0495-07-a,745,11,18.0,True,5
Milano,mi-0776-01-a,880,4,11.39,True,1
Milano,mi-1061-03-a,770,3,16.16,True,1
Milano,mi-0495-06-a,670,11,20.0,True,5
Milano,mi-1208-01-a,935,5,16.19,True,2
Milano,mi-0042-02-a,700,3,13.0,True,1
Milano,mi-0038-02-a,830,3,12.0,True,1
Milano,mi-0741-05-a,735,6,17.54,True,2
Milano,mi-0739-05-a,760,8,17.94,True,3
Milano,mi-1059-04-a,770,5,13.66,True,2
Milano,mi-0303-01-a,810,5,15.0,True,2
Milano,mi-0260-01-a,985,6,13.0,True,2
Milano,mi-1200-01-a,685,7,16.22,True,3
Milano,mi-0025-03-a,750,4,20.0,True,1
Milano,mi-1059-01-a,740,5,12.56,True,2
Milano,mi-1201-01-a,685,4,12.2,True,1
Milano,mi-0768-02-a,775,5,16.0,True,3
Milano,mi-0031-04-a,840,4,17.0,False,2
Milano,mi-0735-06-a,745,6,16.1,True,2
Milano,mi-0248-03-a,705,5,18.0,True,2
Milano,mi-1099-04-a,715,4,16.5,True,2
Milano,mi-0721-05-a,700,5,12.1,True,2
Milano,mi-0243-02-a,830,6,18.0,True,3
Milano,mi-0261-04-a,765,4,16.0,True,2
Milano,mi-0777-04-a,725,5,16.88,True,2
Milano,mi-0824-04-a,590,5,14.2,True,2
Milano,mi-0224-03-a,775,3,24.0,False,1
Milano,mi-0865-01-a,835,6,23.48,True,2
Milano,mi-0244-02-a,760,3,21.0,True,1
Milano,mi-0862-07-a,760,8,16.8,True,3
Milano,mi-0865-04-a,835,6,21.36,True,2
Milano,mi-0295-06-a,665,8,16.0,True,3
Milano,mi-0864-05-a,835,6,16.89,True,2
Milano,mi-0673-05-a,650,5,14.0,True,2
Milano,mi-1286-01-a,880,2,10.81,False,1
Milano,mi-0206-01-a,795,4,20.0,True,2
Milano,mi-0864-03-a,835,6,16.55,True,2
Milano,mi-0874-02-a,665,8,18.11,True,3
Milano,mi-0368-01-a,600,4,15.0,True,1
Milano,mi-0121-01-a,565,3,9.0,False,1
Milano,mi-0729-06-a,660,8,18.8,True,3
Milano,mi-1130-05-a,770,5,16.62,True,2
Milano,mi-0145-05-a,825,5,17.66,True,2
Milano,mi-0642-05-a,1035,6,14.0,True,3
Milano,mi-1207-07-a,720,9,18.37,True,3
Milano,mi-1350-03-a,950,5,16.33,False,2
Milano,mi-1020-02-a,710,2,17.89,True,1
Milano,mi-0992-02-a,715,3,20.88,True,1
Milano,mi-1292-01-a,755,2,12.82,True,1
Milano,mi-0549-03-a,565,4,21.0,True,2
Milano,mi-0492-04-a,525,6,15.0,False,2
Milano,mi-1055-02-a,770,6,18.7,True,2
Milano,mi-0243-04-a,830,6,11.0,True,3
Milano,mi-0032-01-a,855,4,25.0,True,2
Milano,mi-1392-04-a,690,4,15.07,True,1
Milano,mi-0370-02-a,690,3,11.0,True,1
Milano,mi-0801-01-a,785,4,16.41,True,2
Milano,mi-1201-03-a,730,4,17.74,True,1
Milano,mi-1051-02-a,955,3,18.19,False,1
Milano,mi-0358-08-a,895,12,18.0,True,5
Milano,mi-1219-01-a,790,4,14.64,True,2
Milano,mi-0138-02-a,735,5,12.0,False,2
Milano,mi-0839-06-a,760,6,19.56,True,2
Milano,mi-1077-03-a,700,4,15.35,True,2
Milano,mi-0712-03-a,525,3,13.0,True,1
Milano,mi-0814-04-a,790,7,18.14,True,3
Milano,mi-1325-03-a,790,6,13.44,True,2
Milano,mi-0233-02-a,735,3,20.0,True,1
Milano,mi-0379-03-a,790,4,14.0,False,2
Milano,mi-0900-02-a,685,4,16.71,True,3
Milano,mi-0846-05-a,785,5,11.86,True,2
Milano,mi-0368-03-a,680,4,12.0,True,1
Milano,mi-0056-03-a,665,3,22.0,True,1
Milano,mi-1329-01-a,1035,4,12.85,True,1
Milano,mi-1208-05-a,895,5,12.79,True,2
Milano,mi-0453-01-a,525,4,17.0,True,1
Milano,mi-0607-04-a,975,4,26.24,True,1
Milano,mi-0439-01-a,635,3,15.0,True,1
Milano,mi-0835-01-a,850,5,11.93,False,2
Milano,mi-0519-03-a,810,3,18.0,True,1
Milano,mi-0458-01-a,735,3,13.0,True,1
Milano,mi-0305-03-a,660,3,9.0,False,1
Milano,mi-0311-02-a,700,4,21.0,True,2
Milano,mi-0913-01-a,780,3,20.73,True,2
Milano,mi-0451-02-a,705,4,12.0,False,1
Milano,mi-0198-05-a,735,5,14.0,True,2
Milano,mi-0278-02-a,675,3,11.0,True,1
Milano,mi-0565-03-a,525,5,16.0,True,2
Milano,mi-0767-06-a,700,6,19.27,True,2
Milano,mi-0305-02-a,675,3,11.0,True,1
Milano,mi-0724-04-a,1125,6,15.0,True,2
Milano,mi-0121-03-a,715,3,17.0,True,1
Milano,mi-1243-02-a,765,3,16.78,True,1
Milano,mi-0313-02-a,900,5,18.0,True,2
Milano,mi-0422-03-a,730,3,10.0,False,1
Milano,mi-0930-01-a,780,2,17.5,True,1
Milano,mi-0937-04-a,830,4,21.28,True,2
Milano,mi-1059-05-a,770,5,14.81,True,2
Milano,mi-0732-04-a,645,8,11.1,True,3
Milano,mi-0835-03-a,885,5,19.09,True,2
Milano,mi-0012-04-a,785,4,19.0,True,2
Milano,mi-0843-04-a,710,9,15.93,True,3
Milano,mi-0252-02-a,785,4,22.0,True,1
Milano,mi-0929-05-a,705,7,13.86,True,3
Milano,mi-0260-06-a,995,6,13.0,True,2
Milano,mi-1373-06-a,890,6,17.83,False,2
Milano,mi-1326-07-a,975,7,9.89,True,3
Milano,mi-0415-01-a,690,3,9.0,False,1
Milano,mi-1068-02-a,735,3,11.87,False,1
Milano,mi-1067-02-a,735,3,10.87,False,1
Milano,mi-0294-02-a,770,3,13.0,True,1
Milano,mi-0739-08-a,715,8,11.96,False,3
Milano,mi-1077-02-a,700,4,14.04,True,2
Milano,mi-0344-03-a,635,9,11.0,True,3
Milano,mi-0825-01-a,760,6,18.17,True,2
Milano,mi-0631-03-a,835,5,16.13,True,2
Milano,mi-0493-04-a,545,5,17.0,False,2
Milano,mi-0344-04-a,655,9,14.0,True,3
Milano,mi-1131-05-a,700,5,9.84,False,2
Milano,mi-1082-04-a,805,5,24.44,True,2
Milano,mi-1054-04-a,755,5,21.63,True,2
Milano,mi-0726-06-a,815,7,12.25,True,2
Milano,mi-0255-05-a,735,5,12.0,False,2
Milano,mi-0353-06-a,645,6,12.0,True,3
Milano,mi-0862-01-a,750,8,9.9,False,3
Milano,mi-0384-02-a,845,5,11.0,False,2
Milano,mi-0887-02-a,700,2,16.1,True,1
Milano,mi-1336-03-a,635,3,9.49,True,1
Milano,mi-0732-08-a,645,8,12.48,True,3
Milano,mi-0862-05-a,775,8,14.4,True,3
Milano,mi-0743-01-a,690,3,9.18,False,1
Milano,mi-0854-04-a,755,7,14.4,True,3
Milano,mi-0940-06-a,850,6,15.84,True,3
Milano,mi-0829-05-a,880,6,14.12,True,2
Milano,mi-1331-02-a,960,4,12.06,True,2
Milano,mi-0423-03-a,730,3,9.0,False,1
Milano,mi-0905-02-a,730,5,15.66,True,2
Milano,mi-0725-03-a,890,7,13.02,True,2
Milano,mi-1324-02-a,755,4,10.03,True,1
Milano,mi-0573-03-a,825,3,15.0,True,1
Milano,mi-0496-01-a,690,4,15.0,True,1
Milano,mi-0350-01-a,700,5,18.0,True,2
Milano,mi-0173-05-a,770,6,14.0,True,3
Milano,mi-0456-06-a,990,6,25.0,True,2
Milano,mi-0210-01-a,1000,4,19.0,True,2
Milano,mi-0903-04-a,735,4,24.45,True,3
Milano,mi-0244-03-a,760,3,18.0,True,1
Milano,mi-1356-03-a,705,3,16.56,False,1
Milano,mi-0043-04-a,735,4,18.0,True,2
Milano,mi-0510-07-a,615,9,19.0,False,5
Milano,mi-1322-06-a,720,6,12.97,True,2
Milano,mi-0240-01-a,720,5,13.0,True,2
Milano,mi-0422-02-a,745,3,10.0,True,1
Milano,mi-0710-03-a,555,3,19.0,True,1
Milano,mi-0829-02-a,840,6,12.56,True,2
Milano,mi-0710-01-a,565,3,21.0,True,1
Milano,mi-0523-02-a,735,4,15.0,True,1
Milano,mi-0888-01-a,785,2,17.14,True,1
Milano,mi-0981-07-a,725,9,14.27,True,3
Milano,mi-0397-04-a,835,10,21.0,True,3
Milano,mi-0150-08-a,680,8,18.0,True,3
Milano,mi-0561-04-a,655,4,18.0,True,2
Milano,mi-0098-03-a,795,3,14.0,True,1
Milano,mi-0391-01-a,690,3,10.0,False,1
Milano,mi-1342-02-a,835,3,17.02,False,1
Milano,mi-1053-01-a,725,5,11.04,True,2
Milano,mi-0228-05-a,625,8,10.0,False,3
Milano,mi-0411-01-a,755,4,10.0,True,1
Milano,mi-1345-02-a,1020,3,16.7,True,2
Milano,mi-0371-01-a,660,3,9.0,False,1
Milano,mi-0304-01-a,675,4,15.0,True,1
Milano,mi-0242-07-a,605,7,9.0,False,2
Milano,mi-0223-03-a,665,4,11.0,True,1
Milano,mi-0397-02-a,845,10,24.0,True,3
Milano,mi-0876-07-a,565,8,13.8,True,3
Milano,mi-0392-03-a,665,4,11.0,True,1
Milano,mi-0732-06-a,655,8,18.8,True,3
Milano,mi-1386-03-a,830,4,17.71,True,2
Milano,mi-0015-03-a,895,5,20.75,True,2
Milano,mi-0383-02-a,855,5,16.0,True,2
Milano,mi-0387-01-a,945,5,19.0,True,2
Milano,mi-1207-06-a,815,9,18.17,True,3
Milano,mi-0387-03-a,965,5,16.0,False,2
Milano,mi-0841-01-a,785,5,10.05,False,2
Milano,mi-0384-03-a,845,5,12.0,False,2
Milano,mi-0352-02-a,800,4,19.0,True,1
Milano,mi-0986-03-a,815,3,22.0,True,1
Milano,mi-0387-02-a,945,5,20.0,True,2
Milano,mi-0988-03-a,830,5,20.03,True,2
Milano,mi-0353-04-a,800,6,18.0,True,3
Milano,mi-1205-02-a,760,5,11.06,True,2
Milano,mi-0334-01-a,795,6,11.0,False,2
Milano,mi-0725-07-a,890,7,18.71,False,2
Milano,mi-0814-06-a,790,7,17.97,True,3
Milano,mi-0245-03-a,975,4,20.0,False,2
Milano,mi-0349-03-a,780,5,18.0,True,2
Milano,mi-0972-01-a,810,4,13.46,True,1
Milano,mi-0060-04-a,815,5,11.5,True,2
Milano,mi-0085-03-a,725,4,21.0,True,1
Milano,mi-0623-02-a,850,2,16.1,True,1
Milano,mi-0618-03-a,830,3,22.29,True,1
Milano,mi-0975-02-a,770,4,9.73,False,1
Milano,mi-0101-03-a,735,4,14.0,True,1
Milano,mi-0103-02-a,870,5,16.0,True,2
Milano,mi-0457-02-a,815,5,21.0,True,2
Milano,mi-1218-02-a,770,2,16.36,True,1
Milano,mi-0335-03-a,705,5,17.0,True,2
Milano,mi-0512-01-a,845,3,17.0,True,1
Milano,mi-0482-04-a,535,4,13.0,True,2
Milano,mi-0379-02-a,935,4,19.0,True,2
Milano,mi-1070-01-a,900,5,18.81,False,2
Milano,mi-0507-03-a,800,6,10.0,False,3
Milano,mi-0506-05-a,800,6,9.0,False,3
Milano,mi-0025-02-a,830,4,20.0,True,1
Milano,mi-1059-02-a,850,5,17.16,True,2
Milano,mi-1192-04-a,805,4,15.59,True,2
Milano,mi-1197-01-a,1005,2,14.97,True,1
Milano,mi-0053-02-a,760,4,14.0,True,1
Milano,mi-1189-03-a,895,4,14.1,True,2
Milano,mi-1103-01-a,705,5,18.7,True,2
Milano,mi-0495-09-a,760,11,18.0,True,5
Milano,mi-0512-03-a,815,3,10.0,False,1
Milano,mi-0034-03-a,775,6,18.0,True,3
Milano,mi-0214-02-a,750,3,24.0,True,1
Milano,mi-0279-02-a,665,4,12.0,True,1
Milano,mi-0777-01-a,720,5,14.03,True,2
Milano,mi-0272-02-a,625,7,11.0,True,2
Milano,mi-0497-03-a,660,3,10.0,False,1
Milano,mi-0541-01-a,780,3,10.0,True,1
Milano,mi-1371-02-a,710,4,17.47,True,2
Milano,mi-0905-04-a,795,5,11.58,True,2
Milano,mi-0344-09-a,740,9,13.0,False,3
Milano,mi-0350-03-a,790,5,17.0,True,2
Milano,mi-0303-03-a,860,5,24.0,True,2
Milano,mi-0636-01-a,800,4,21.92,True,2
Milano,mi-0144-04-a,760,4,17.0,True,1
Milano,mi-1135-02-a,805,5,13.9,False,3
Milano,mi-0361-01-a,835,5,20.0,True,2
Milano,mi-0949-01-a,805,4,10.22,True,2
Milano,mi-1322-04-a,845,6,16.97,True,2
Milano,mi-0425-03-a,895,3,16.0,True,1
Milano,mi-0909-05-a,850,5,28.75,True,2
Milano,mi-0468-03-a,730,8,17.25,True,3
Milano,mi-0091-01-a,760,4,18.0,True,1
Milano,mi-0144-03-a,780,4,19.0,True,1
Milano,mi-0972-04-a,770,4,14.61,True,1
Milano,mi-0215-03-a,760,3,17.0,True,1
Milano,mi-0214-03-a,760,3,20.0,True,1
Milano,mi-1257-02-a,870,3,16.31,True,1
Milano,mi-0859-06-a,835,6,12.6,True,2
Milano,mi-1184-04-a,750,4,28.88,True,1
Milano,mi-0399-01-a,675,4,10.0,False,2
Milano,mi-1350-02-a,940,5,14.57,False,2
Milano,mi-0085-04-a,705,4,20.0,True,1
Milano,mi-1382-02-a,810,2,16.56,False,1
Milano,mi-0433-03-a,890,6,11.7,True,3
Milano,mi-0174-02-a,700,4,18.0,True,1
Milano,mi-0990-04-a,925,4,21.01,True,1
Milano,mi-0248-02-a,705,5,15.0,True,2
Milano,mi-0995-01-a,960,2,22.14,True,1
Milano,mi-0176-02-a,710,3,11.0,True,1
Milano,mi-1023-01-a,915,3,25.89,True,1
Milano,mi-0903-03-a,675,4,12.98,True,3
Milano,mi-1183-04-a,805,4,13.66,True,2
Milano,mi-0157-03-a,790,3,18.0,True,1
Milano,mi-0729-02-a,750,8,18.63,True,3
Milano,mi-1222-05-a,935,5,26.73,True,3
Milano,mi-0085-01-a,725,4,19.0,True,1
Milano,mi-0507-01-a,850,6,13.0,True,3
Milano,mi-0284-03-a,735,3,20.0,True,1
Milano,mi-1184-03-a,750,4,15.49,True,1
Milano,mi-1048-03-a,965,4,11.33,False,2
Milano,mi-0985-01-a,1165,3,15.39,True,2
Milano,mi-0397-10-a,805,10,12.0,True,3
Milano,mi-0174-01-a,720,4,19.0,True,1
Milano,mi-0248-05-a,705,5,15.0,True,2
Milano,mi-1135-03-a,795,5,11.95,True,3
Milano,mi-0341-02-a,655,4,11.0,True,1
Milano,mi-1332-01-a,920,4,11.43,False,1
Milano,mi-0907-02-a,950,5,17.25,True,2
Milano,mi-1088-02-a,705,5,11.53,True,2
Milano,mi-0487-04-a,555,4,19.0,True,2
Milano,mi-0467-03-a,760,4,18.75,True,1
Milano,mi-0899-04-a,780,4,19.08,True,1
Milano,mi-0509-05-a,800,6,9.0,False,3
Milano,mi-0996-01-a,955,2,16.08,True,1
Milano,mi-0509-03-a,800,6,10.0,False,3
Milano,mi-0741-02-a,790,6,20.29,True,2
Milano,mi-0260-02-a,995,6,13.0,True,2
Milano,mi-0398-02-a,835,5,24.0,True,2
Milano,mi-0423-01-a,875,3,17.0,True,1
Milano,mi-0425-01-a,745,3,9.0,False,1
Milano,mi-0854-06-a,855,7,20.01,True,3
Milano,mi-1357-02-a,780,3,11.34,False,1
Milano,mi-1339-01-a,715,3,9.35,True,1
Milano,mi-1244-01-a,885,4,18.29,True,2
Milano,mi-0119-04-a,815,6,16.0,True,3
Milano,mi-1264-02-a,815,3,17.14,True,2
Milano,mi-0843-05-a,730,9,17.53,True,3
Milano,mi-1265-01-a,795,3,18.16,True,2
Milano,mi-0397-09-a,905,10,12.0,True,3
Milano,mi-0387-04-a,945,5,21.0,True,2
Milano,mi-0642-06-a,1035,6,14.0,True,3
Milano,mi-0351-03-a,810,5,19.0,True,2
Milano,mi-0752-02-a,825,5,13.73,True,3
Milano,mi-0575-02-a,890,2,19.0,True,1
Milano,mi-1091-05-a,750,5,14.97,True,2
Milano,mi-0927-01-a,1065,3,11.93,False,1
Milano,mi-0851-04-a,730,5,17.04,True,2
Milano,mi-0086-04-a,705,4,20.0,True,1
Milano,mi-0140-04-a,870,4,14.72,True,2
Milano,mi-0086-03-a,725,4,21.0,True,1
Milano,mi-0548-01-a,545,3,15.0,True,1
Milano,mi-0434-04-a,845,4,10.35,True,2
Milano,mi-0433-05-a,900,6,15.87,True,3
Milano,mi-0379-01-a,915,4,21.0,True,2
Milano,mi-0824-01-a,770,5,19.65,True,2
Milano,mi-1071-05-a,690,5,25.45,True,2
Milano,mi-0835-05-a,885,5,19.95,True,2
Milano,mi-0825-04-a,745,6,20.64,True,2
Milano,mi-1186-02-a,825,2,16.09,False,1
Milano,mi-0440-04-a,955,4,10.0,False,2
Milano,mi-0918-04-a,760,6,20.7,True,2
Milano,mi-0618-01-a,780,3,10.55,True,1
Milano,mi-0421-05-a,775,7,17.0,True,3
Milano,mi-1201-02-a,795,4,12.47,True,1
Milano,mi-1088-01-a,735,5,16.95,True,2
Milano,mi-0726-01-a,925,7,13.43,True,2
Milano,mi-0361-02-a,835,5,13.0,True,2
Milano,mi-0750-02-a,775,5,15.19,True,3
Milano,mi-0960-01-a,965,3,17.11,True,1
Milano,mi-1097-01-a,740,5,14.25,True,2
Milano,mi-1324-01-a,885,4,18.38,True,1
Milano,mi-0346-06-a,765,6,14.0,False,2
Milano,mi-0092-03-a,880,3,18.0,True,2
Milano,mi-0090-04-a,690,4,16.0,True,1
Milano,mi-1101-03-a,805,3,10.96,True,1
Milano,mi-1101-01-a,815,3,13.54,True,1
Milano,mi-1101-02-a,835,3,15.95,False,1
Milano,mi-0928-03-a,1035,4,9.2,False,1
Milano,mi-0345-02-a,850,2,15.0,True,1
Milano,mi-1240-03-a,1145,4,17.34,True,2
Milano,mi-1204-04-a,795,8,17.26,True,3
Milano,mi-0500-03-a,760,5,19.0,True,2
Milano,mi-1390-04-a,700,4,13.47,True,1
Milano,mi-0560-01-a,545,4,19.0,True,2
Milano,mi-0488-01-a,535,6,16.0,False,3
Milano,mi-0496-04-a,630,4,11.0,True,1
Milano,mi-0167-03-a,875,3,24.13,False,1
Milano,mi-0413-01-a,875,3,18.0,True,1
Milano,mi-0120-01-a,660,3,8.0,False,1
Milano,mi-0631-01-a,945,5,14.96,True,2
Milano,mi-0363-03-a,885,4,24.0,False,2
Milano,mi-0040-01-a,830,2,16.0,True,1
Milano,mi-0410-02-a,795,3,13.0,True,1
Milano,mi-1264-01-a,795,3,15.47,True,2
Milano,mi-0645-02-a,915,5,19.53,True,2
Milano,mi-0055-04-a,935,4,27.0,True,1
Milano,mi-0785-05-a,690,5,13.71,True,2
Milano,mi-1091-02-a,750,5,13.11,True,2
Milano,mi-1216-01-a,925,8,24.28,True,3
Milano,mi-0714-01-a,555,4,20.0,True,2
Milano,mi-0510-03-a,630,9,15.0,True,5
Milano,mi-0721-02-a,810,5,12.58,True,2
Milano,mi-1064-01-a,810,6,15.46,True,2
Milano,mi-0335-05-a,705,5,15.0,True,2
Milano,mi-0312-02-a,795,3,20.0,True,1
Milano,mi-0419-03-a,895,3,14.0,True,2
Milano,mi-1191-04-a,735,4,11.66,True,2
Milano,mi-0094-04-a,935,6,19.0,True,3
Milano,mi-0546-03-a,795,3,17.0,True,1
Milano,mi-0977-03-a,1000,4,22.22,True,2
Milano,mi-0409-01-a,895,3,17.0,True,1
Milano,mi-0843-01-a,615,9,12.17,True,3
Milano,mi-0357-06-a,795,8,16.0,True,3
Milano,mi-0556-04-a,565,4,18.0,True,2
Milano,mi-0739-01-a,860,8,19.85,True,3
Milano,mi-0518-03-a,700,3,16.0,True,1
Milano,mi-0843-03-a,730,9,13.85,False,3
Milano,mi-1216-02-a,905,8,19.49,True,3
Milano,mi-0744-01-a,780,3,10.48,False,1
Milano,mi-0879-01-a,585,2,10.93,True,1
Milano,mi-0781-01-a,535,5,13.19,True,2
Milano,mi-1313-04-a,505,6,17.48,False,4
Milano,mi-0312-03-a,685,3,16.0,True,1
Milano,mi-0031-01-a,595,4,23.0,True,2
Milano,mi-1212-03-a,605,3,20.64,True,2
Milano,mi-0472-03-a,700,3,21.39,True,1
Milano,mi-1206-03-a,495,9,12.55,True,3
Milano,mi-0163-04-a,670,4,19.0,True,1
Milano,mi-0919-03-a,810,6,12.65,True,3
Padova,pd-0049-03-a,405,5,18.4,True,2
Padova,pd-0018-02-a,425,3,18.09,False,2
Padova,pd-0060-03-a,370,3,10.35,True,2
Padova,pd-0043-03-a,405,5,18.29,True,2
Padova,pd-0074-02-a,720,6,12.65,False,3
Padova,pd-0050-01-a,425,3,20.24,False,2
Padova,pd-0082-03-a,690,6,11.5,True,3
Padova,pd-0037-04-a,460,4,20.59,True,2
Padova,pd-0062-01-a,440,5,18.4,True,2
Padova,pd-0031-03-a,390,4,11.5,False,2
Padova,pd-0056-02-a,425,3,18.4,True,2
Padova,pd-0011-02-a,425,3,18.38,False,2
Padova,pd-0047-03-a,465,3,38.76,True,2
Padova,pd-0052-02-a,425,3,15.64,True,2
Padova,pd-0022-02-a,425,3,18.38,True,2
Padova,pd-0068-01-a,405,5,15.53,True,2
Padova,pd-0020-03-a,425,3,19.42,True,2
Padova,pd-0034-03-a,390,4,14.0,True,2
Padova,pd-0030-02-a,425,3,18.38,False,2
Padova,pd-0025-01-a,425,3,20.69,True,2
Padova,pd-0054-03-a,465,3,30.82,False,2
Padova,pd-0049-05-a,375,5,16.1,False,2
Padova,pd-0028-02-a,390,3,15.01,True,2
Padova,pd-0014-03-a,465,3,30.3,True,2
Padova,pd-0004-02-a,425,3,17.77,True,2
Padova,pd-0081-01-a,760,2,10.35,True,1
Padova,pd-0055-02-a,425,3,15.64,True,2
Padova,pd-0080-03-a,690,6,10.35,True,3
Padova,pd-0079-07-a,655,7,10.35,False,3
Padova,pd-0060-01-a,465,3,24.15,True,2
Padova,pd-0083-02-a,775,4,12.65,False,3
Padova,pd-0016-01-a,465,3,15.71,False,2
Padova,pd-0040-03-a,425,3,17.87,True,2
Padova,pd-0028-03-a,590,3,18.09,False,2
Padova,pd-0041-03-a,650,3,38.73,True,2
Padova,pd-0041-02-a,545,3,14.93,True,2
Padova,pd-0042-03-a,590,3,20.19,True,2
Padova,pd-0045-03-a,590,3,20.19,True,2
Padova,pd-0021-02-a,545,3,15.32,True,2
Padova,pd-0006-02-a,590,3,18.29,True,2
Padova,pd-0046-02-a,570,5,18.4,True,2
Padova,pd-0076-04-a,680,7,12.65,True,3
Padova,pd-0005-01-a,545,3,15.53,True,2
Padova,pd-0079-03-a,680,7,13.8,False,3
Padova,pd-0062-03-a,530,5,10.35,False,2
Padova,pd-0049-01-a,520,5,18.4,False,2
Padova,pd-0071-04-a,695,5,11.5,True,3
Padova,pd-0074-05-a,690,6,11.5,True,3
Padova,pd-0054-01-a,545,3,12.65,True,2
Padova,pd-0074-06-a,720,6,12.65,False,3
Padova,pd-0077-06-a,720,6,12.65,False,3
Padova,pd-0081-02-a,760,2,11.5,True,1
Padova,pd-0002-03-a,590,3,19.42,True,2
Padova,pd-0066-06-a,515,6,10.35,True,2
Padova,pd-0072-01-a,760,2,10.35,True,1
Padova,pd-0043-05-a,520,5,14.95,True,2
Padova,pd-0057-02-a,590,3,16.1,True,2
Padova,pd-0009-03-a,590,3,19.42,True,2
Padova,pd-0039-02-a,590,3,19.31,True,2
Padova,pd-0032-02-a,590,3,19.31,True,2
Padova,pd-0015-02-a,590,3,18.38,True,2
Padova,pd-0079-06-a,655,7,11.5,True,3
Padova,pd-0036-02-a,545,4,16.1,False,2
Padova,pd-0038-01-a,650,3,31.03,True,2
Padova,pd-0007-01-a,650,3,30.3,True,2
Padova,pd-0074-04-a,690,6,10.35,True,3
Padova,pd-0053-02-a,590,3,16.1,True,2
Padova,pd-0011-01-a,425,3,20.32,False,2
Padova,pd-0043-02-a,520,5,10.35,False,2
Padova,pd-0031-01-a,640,4,17.37,True,2
Padova,pd-0004-01-a,630,3,20.32,True,2
Padova,pd-0037-03-a,545,4,14.0,True,2
Padova,pd-0074-03-a,690,6,10.35,True,3
Roma,rm-0027-05-a,545,6,12.51,True,2
Roma,rm-0152-08-a,675,8,10.7,False,4
Roma,rm-0167-04-a,650,5,19.67,True,2
Roma,rm-0055-04-a,530,5,23.43,False,2
Roma,rm-0092-01-a,590,4,12.65,False,2
Roma,rm-0156-02-a,600,4,16.57,True,2
Roma,rm-0027-04-a,485,6,9.66,False,2
Roma,rm-0091-04-a,590,5,15.44,True,2
Roma,rm-0088-02-a,615,5,21.02,True,2
Roma,rm-0055-03-a,515,5,19.9,True,2
Roma,rm-0049-01-a,545,3,18.4,True,1
Roma,rm-0051-04-a,625,4,24.6,False,2
Roma,rm-0010-04-a,510,4,10.0,False,1
Roma,rm-0057-04-a,625,5,16.5,True,2
Roma,rm-0170-03-a,670,5,18.1,True,2
Roma,rm-0170-04-a,660,5,14.06,False,2
Roma,rm-0101-04-a,720,5,19.96,True,3
Roma,rm-0054-01-a,515,3,21.19,True,1
Roma,rm-0008-07-a,555,7,10.0,False,3
Roma,rm-0088-05-a,580,5,14.94,False,2
Roma,rm-0030-01-a,545,7,17.25,False,3
Roma,rm-0008-06-a,635,7,28.0,False,3
Roma,rm-0168-05-a,585,5,20.94,True,2
Roma,rm-0032-01-a,555,6,12.65,True,2
Roma,rm-0032-04-a,545,6,14.95,True,2
Roma,rm-0091-03-a,580,5,20.56,True,2
Roma,rm-0057-03-a,585,5,18.97,True,2
Roma,rm-0051-02-a,560,4,15.8,True,2
Roma,rm-0083-03-a,445,3,18.4,False,2
Roma,rm-0149-04-a,600,5,17.22,False,2
Roma,rm-0129-03-a,580,3,11.63,False,1
Roma,rm-0108-02-a,640,2,16.71,True,1
Roma,rm-0013-01-a,490,3,11.0,False,1
Roma,rm-0007-02-a,475,5,10.0,False,2
Roma,rm-0017-01-a,580,5,18.0,True,3
Roma,rm-0168-04-a,585,5,20.84,True,2
Roma,rm-0032-02-a,590,6,10.35,False,2
Roma,rm-0151-01-a,810,4,26.09,True,2
Roma,rm-0056-04-a,515,5,17.7,True,2
Roma,rm-0070-04-a,590,5,15.41,True,2
Roma,rm-0064-01-a,590,5,12.65,True,2
Roma,rm-0025-02-a,730,5,14.0,True,2
Roma,rm-0105-03-a,820,4,18.47,False,2
Roma,rm-0106-01-a,805,3,20.75,True,1
Roma,rm-0056-05-a,550,5,26.73,True,2
Roma,rm-0030-06-a,640,7,13.8,True,3
Roma,rm-0089-02-a,745,3,15.87,True,2
Roma,rm-0087-02-a,745,3,15.05,True,2
Roma,rm-0025-04-a,640,5,10.0,False,2
Roma,rm-0156-03-a,685,4,18.88,True,2
Roma,rm-0088-01-a,685,5,14.19,False,2
Roma,rm-0131-03-a,830,5,20.83,True,3
Roma,rm-0015-04-a,720,6,15.0,True,3
Roma,rm-0023-02-a,680,3,12.0,False,1
Roma,rm-0007-03-a,690,5,16.0,True,2
Roma,rm-0168-01-a,655,5,10.35,False,2
Roma,rm-0103-01-a,805,2,19.8,True,1
Roma,rm-0056-01-a,505,5,17.0,True,2
Roma,rm-0152-02-a,655,8,18.73,True,4
Trento,tn-0017-02-a,570,4,17.2,True,2
Trento,tn-0005-03-a,575,3,11.58,True,1
Trento,tn-0005-01-a,580,3,11.3,False,1
Torino,to-0079-05-a,460,7,12.74,True,3
Torino,to-0076-04-a,495,4,12.49,True,2
Torino,to-0082-02-a,495,8,13.55,True,5
Torino,to-0074-03-a,490,4,12.41,True,2
Torino,to-0078-04-a,460,6,11.56,False,4
Torino,to-0075-05-a,460,5,12.28,True,2
Torino,to-0070-01-a,490,4,12.41,True,2
Torino,to-0135-02-a,450,3,11.5,True,2
Torino,to-0128-02-a,450,3,11.5,True,2
Torino,to-0029-03-a,440,3,16.32,True,2
Torino,to-0011-03-a,500,5,19.0,True,2
Torino,to-0032-01-a,495,3,16.94,True,2
Torino,to-0016-07-a,475,7,13.0,True,3
Torino,to-0122-02-a,460,3,11.5,True,2
Torino,to-0024-04-a,540,5,24.98,True,2
Torino,to-0073-03-a,510,4,12.66,True,2
Torino,to-0134-03-a,475,3,10.06,True,2
Torino,to-0070-03-a,515,4,12.65,True,2
Torino,to-0034-04-a,470,4,11.57,True,2
Torino,to-0020-02-a,550,3,20.0,True,1
Torino,to-0078-02-a,510,6,13.58,True,4
Torino,to-0073-02-a,565,4,12.66,True,2
Torino,to-0072-03-a,570,4,12.63,True,2
Torino,to-0125-01-a,510,3,10.06,True,2
Torino,to-0141-02-a,555,5,14.38,True,2
Torino,to-0079-04-a,550,7,11.53,True,3
Torino,to-0012-01-a,490,4,15.0,True,1
Torino,to-0002-02-a,595,2,16.0,True,1
Torino,to-0079-03-a,520,7,14.19,True,3
Torino,to-0071-03-a,565,4,12.6,True,2
Torino,to-0024-05-a,585,5,15.34,True,2
Torino,to-0060-02-a,510,5,10.35,True,2
Torino,to-0079-06-a,540,7,12.82,True,3
Torino,to-0072-04-a,570,4,12.42,True,2
Torino,to-0077-01-a,575,4,12.4,True,2
Torino,to-0031-02-a,505,3,10.83,True,2
Torino,to-0027-01-a,590,3,21.16,True,1
Torino,to-0082-07-a,525,8,12.02,True,5
Torino,to-0073-04-a,555,4,11.51,True,2
Torino,to-0009-01-a,595,5,17.0,True,2
Torino,to-0137-01-a,520,3,10.06,True,2
Torino,to-0018-03-a,595,3,13.76,True,1
Torino,to-0076-03-a,580,4,12.63,True,2
Torino,to-0010-01-a,560,4,21.0,True,2
Torino,to-0006-03-a,585,4,15.0,True,1
Torino,to-0082-05-a,525,8,12.33,True,5
Torino,to-0027-02-a,570,3,16.5,True,1
Torino,to-0030-01-a,515,3,16.0,True,2
Torino,to-0032-03-a,540,3,17.53,True,2
Bordeaux,bx-0008-01-a,565,7,12.0,True,2
Bordeaux,bx-0011-02-a,595,5,18.0,True,2
Bordeaux,bx-0012-02-a,590,7,15.0,True,3
Bordeaux,bx-0008-06-a,580,7,15.0,True,2
Bordeaux,bx-0001-01-a,480,6,14.0,True,2
Bordeaux,bx-0011-04-a,630,5,26.0,True,2
Bordeaux,bx-0008-05-a,560,7,11.0,True,2
Bordeaux,bx-0008-03-a,565,7,12.0,True,2
Bordeaux,bx-0008-02-a,570,7,13.0,True,2
Bordeaux,bx-0008-07-a,565,7,12.0,True,2
Bordeaux,bx-0006-03-a,590,5,16.0,True,2
Bordeaux,bx-0006-04-a,605,5,19.0,True,2
Bordeaux,bx-0010-02-a,610,4,12.0,True,2
Bordeaux,bx-0003-05-a,540,8,21.0,True,3
Bordeaux,bx-0009-03-a,605,5,13.0,True,3
Bordeaux,bx-0001-06-a,455,6,10.0,False,2
Bordeaux,bx-0003-04-a,505,8,11.0,True,3
Bordeaux,bx-0003-08-a,505,8,13.0,True,3
Bordeaux,bx-0003-06-a,560,8,18.0,True,3
Bordeaux,bx-0003-07-a,545,8,17.0,True,3
Bordeaux,bx-0003-01-a,525,8,23.0,True,3
Bordeaux,bx-0009-04-a,610,5,14.0,True,3
Bordeaux,bx-0006-01-a,555,5,13.0,True,2
Bordeaux,bx-0012-03-a,600,7,16.0,True,3
Bordeaux,bx-0001-03-a,585,6,11.0,True,2
Bordeaux,bx-0010-01-a,640,4,16.0,True,2
Lille,li-0004-02-a,420,4,11.0,True,2
Lille,li-0021-04-a,440,4,9.0,True,1
Lille,li-0018-02-a,455,3,15.0,True,1
Lille,li-0002-02-a,435,4,11.0,True,2
Lille,li-0005-04-a,510,5,12.0,True,2
Lille,li-0003-02-a,465,3,19.0,True,1
Lille,li-0015-03-a,405,4,9.0,False,1
Lille,li-0015-02-a,440,4,12.0,True,1
Lille,li-0019-02-a,460,3,10.0,True,1
Lille,li-0019-03-a,435,3,9.0,True,1
Lille,li-0002-01-a,435,4,11.0,True,2
Lille,li-0020-02-a,450,4,11.0,True,1
Lille,li-0006-02-a,440,5,11.0,True,2
Lille,li-0012-01-a,485,4,11.0,True,1
Lille,li-0012-04-a,510,4,17.0,True,1
Lille,li-0006-01-a,440,5,11.0,True,2
Lille,li-0017-01-a,465,5,10.0,True,3
Lille,li-0024-02-a,445,4,9.0,True,1
Lille,li-0013-02-a,435,4,10.0,True,1
Lille,li-0006-04-a,490,5,15.0,True,2
Lille,li-0014-03-a,480,4,12.0,True,1
Lille,li-0019-01-a,480,3,13.0,True,1
Lille,li-0004-03-a,470,4,14.0,True,2
Lille,li-0002-03-a,490,4,14.0,True,2
Lille,li-0014-04-a,435,4,11.0,True,1
Lione,ly-0157-01-a,600,3,11.0,True,1
Lione,ly-0096-01-a,645,7,16.0,True,7
Lione,ly-0099-04-a,675,5,11.0,True,2
Lione,ly-0113-03-a,405,5,11.0,False,2
Lione,ly-0089-03-a,545,4,9.0,True,2
Lione,ly-0099-03-a,685,5,12.0,True,2
Lione,ly-0058-06-a,540,6,11.0,True,2
Lione,ly-0098-01-a,610,7,9.0,True,2
Lione,ly-0099-01-a,700,5,14.0,True,2
Lione,ly-0083-04-a,450,4,10.0,True,1
Lione,ly-0058-03-a,535,6,14.0,True,2
Lione,ly-0003-02-a,735,6,14.0,True,2
Lione,ly-0090-04-a,555,5,14.0,True,1
Lione,ly-0090-01-a,615,5,19.0,True,1
Lione,ly-0070-02-a,530,3,10.0,True,1
Lione,ly-0090-03-a,535,5,11.0,True,1
Lione,ly-0092-01-a,520,4,12.0,True,1
Lione,ly-0045-04-a,510,5,16.0,True,2
Lione,ly-0080-04-a,630,4,25.0,True,1
Lione,ly-0015-02-a,495,4,10.0,True,1
Lione,ly-0017-03-a,535,4,13.0,True,1
Lione,ly-0023-01-a,555,4,23.0,True,1
Lione,ly-0077-03-a,605,4,19.0,True,1
Lione,ly-0036-03-a,550,3,25.0,True,1
Lione,ly-0063-02-a,505,3,14.0,True,1
Lione,ly-0063-01-a,535,3,12.0,True,1
Lione,ly-0143-04-a,435,4,12.0,True,2
Lione,ly-0093-02-a,465,4,10.0,True,1
Lione,ly-0047-01-a,545,4,19.0,True,1
Lione,ly-0091-02-a,465,5,10.0,True,2
Lione,ly-0143-03-a,435,4,13.0,True,2
Lione,ly-0040-02-a,505,8,13.0,True,2
Lione,ly-0036-01-a,535,3,13.0,True,1
Lione,ly-0040-03-a,545,8,15.0,True,2
Lione,ly-0009-01-a,470,3,12.0,True,1
Lione,ly-0086-02-a,555,4,19.0,True,1
Lione,ly-0001-04-a,525,4,10.0,True,1
Lione,ly-0069-01-a,450,4,10.0,True,1
Lione,ly-0009-02-a,520,3,17.0,True,1
Lione,ly-0033-03-a,565,4,11.0,True,2
Lione,ly-0053-01-a,525,4,12.0,True,1
Lione,ly-0101-05-a,675,7,18.0,True,3
Lione,ly-0128-02-a,530,4,14.0,True,1
Lione,ly-0018-03-a,640,4,12.0,True,2
Lione,ly-0042-03-a,675,4,13.0,True,2
Lione,ly-0035-01-a,555,5,17.0,True,2
Lione,ly-0035-05-a,520,5,11.0,True,2
Lione,ly-0028-02-a,560,3,15.0,True,1
Lione,ly-0079-03-a,495,5,11.0,True,1
Lione,ly-0030-03-a,600,3,18.0,True,1
Lione,ly-0028-01-a,525,3,11.0,True,1
Lione,ly-0029-03-a,535,3,9.0,True,1
Lione,ly-0049-02-a,495,3,10.0,True,1
Lione,ly-0061-02-a,525,4,10.0,True,1
Lione,ly-0032-03-a,525,3,15.0,True,1
Lione,ly-0079-01-a,520,5,12.0,True,1
Lione,ly-0134-03-a,565,3,16.0,False,2
Lione,ly-0056-04-a,550,5,10.0,True,2
Lione,ly-0076-04-a,520,4,12.0,True,1
Lione,ly-0056-01-a,570,5,11.0,True,2
Lione,ly-0088-03-a,545,4,13.0,True,2
Lione,ly-0098-05-a,615,7,11.0,True,2
Lione,ly-0050-03-a,480,3,23.0,True,1
Lione,ly-0057-03-a,450,3,12.0,True,1
Lione,ly-0019-01-a,680,5,11.0,True,2
Lione,ly-0056-05-a,535,5,10.0,True,2
Lione,ly-0013-02-a,495,4,12.0,True,1
Lione,ly-0095-03-a,545,3,19.0,True,1
Lione,ly-0052-03-a,450,5,12.0,True,2
Lione,ly-0027-02-a,570,4,14.0,True,1
Lione,ly-0057-02-a,435,3,12.0,True,1
Lione,ly-0098-03-a,610,7,9.0,True,2
Lione,ly-0097-01-a,565,4,13.0,True,1
Lione,ly-0046-02-a,470,3,11.0,True,1
Lione,ly-0096-07-a,640,7,15.0,True,7
Lione,ly-0013-01-a,520,4,13.0,True,1
Lione,ly-0083-02-a,425,4,9.0,True,1
Lione,ly-0080-03-a,510,4,10.0,True,1
Lione,ly-0079-04-a,495,5,11.0,True,1
Lione,ly-0044-03-a,575,4,23.0,True,1
Lione,ly-0017-01-a,615,4,12.0,True,1
Lione,ly-0152-01-a,540,4,18.0,True,1
Lione,ly-0052-01-a,450,5,11.0,True,2
Lione,ly-0038-02-a,515,3,11.0,True,1
Lione,ly-0029-02-a,525,3,10.0,True,1
Lione,ly-0089-04-a,620,4,9.0,True,2
Lione,ly-0084-02-a,645,3,14.0,True,1
Lione,ly-0024-01-a,670,3,13.0,True,1
Lione,ly-0145-01-a,535,3,16.0,True,1
Lione,ly-0053-02-a,525,4,13.0,True,1
Lione,ly-0098-02-a,715,7,13.0,True,2
Lione,ly-0024-02-a,710,3,16.0,True,1
Lione,ly-0027-03-a,625,4,15.0,True,1
Lione,ly-0064-01-a,700,5,17.0,True,2
Lione,ly-0133-03-a,575,4,9.0,True,1
Lione,ly-0085-01-a,605,4,15.0,True,2
Lione,ly-0084-01-a,680,3,12.0,True,1
Lione,ly-0152-03-a,555,4,12.0,True,1
Lione,ly-0045-01-a,515,5,14.0,True,2
Lione,ly-0145-02-a,545,3,21.0,True,1
Lione,ly-0002-01-a,680,5,15.0,True,2
Lione,ly-0068-05-a,570,4,16.0,True,1
Lione,ly-0068-03-a,540,4,11.0,True,1
Lione,ly-0123-02-a,485,4,10.0,True,1
Lione,ly-0093-03-a,485,4,9.0,True,1
Lione,ly-0027-01-a,590,4,11.0,True,1
Lione,ly-0147-04-a,480,4,9.0,True,1
Lione,ly-0109-03-a,585,4,9.0,True,1
Lione,ly-0097-02-a,630,4,12.0,True,1
Lione,ly-0059-02-a,655,5,11.0,True,2
Lione,ly-0100-02-a,470,4,9.0,True,1
Lione,ly-0016-02-a,565,4,14.0,True,1
Montpellier,mp-0009-01-a,570,4,24.0,True,1
Montpellier,mp-0013-02-a,460,4,12.0,True,1
Montpellier,mp-0035-05-a,420,5,11.0,True,1
Montpellier,mp-0018-02-a,485,4,13.0,True,1
Montpellier,mp-0013-03-a,450,4,10.0,True,1
Montpellier,mp-0018-04-a,485,4,13.0,True,1
Montpellier,mp-0019-04-a,465,4,11.0,True,1
Montpellier,mp-0032-04-a,485,4,10.0,True,2
Montpellier,mp-0012-02-a,445,5,12.0,True,1
Montpellier,mp-0009-04-a,450,4,10.0,True,1
Montpellier,mp-0026-04-a,435,5,12.0,True,1
Montpellier,mp-0026-03-a,405,5,11.0,True,1
Montpellier,mp-0002-02-a,405,4,11.0,True,1
Montpellier,mp-0026-01-a,490,5,18.0,True,1
Montpellier,mp-0008-02-a,505,4,17.0,True,1
Montpellier,mp-0017-02-a,490,4,16.0,True,1
Montpellier,mp-0022-01-a,545,6,18.0,True,2
Montpellier,mp-0011-03-a,425,4,11.0,True,1
Montpellier,mp-0001-03-a,550,3,13.0,True,1
Montpellier,mp-0002-03-a,420,4,12.0,True,1
Montpellier,mp-0023-03-a,495,3,14.0,True,1
Montpellier,mp-0010-02-a,405,4,10.0,True,1
Montpellier,mp-0004-02-a,435,4,13.0,True,1
Montpellier,mp-0015-01-a,400,3,9.0,True,1
Montpellier,mp-0021-01-a,555,3,13.0,True,1
Montpellier,mp-0010-03-a,430,4,10.0,True,1
Montpellier,mp-0003-03-a,560,3,11.0,True,2
Montpellier,mp-0010-04-a,405,4,10.0,True,1
Montpellier,mp-0004-01-a,470,4,11.0,True,1
Montpellier,mp-0013-04-a,615,4,17.0,True,1
Montpellier,mp-0011-01-a,450,4,14.0,True,1
Montpellier,mp-0004-04-a,595,4,22.0,True,1
Parigi,pa-0183-04-a,975,4,10.0,True,1
Parigi,pa-0111-03-a,945,3,13.0,True,1
Parigi,pa-0183-01-a,980,4,10.0,True,1
Parigi,pa-0001-01-a,975,4,12.0,True,1
Parigi,pa-0103-02-a,970,3,10.0,True,1
Parigi,pa-0103-01-a,985,3,11.0,True,1
Parigi,pa-0171-01-a,1175,4,11.0,True,1
Parigi,pa-0001-04-a,995,4,13.0,True,1
Parigi,pa-0337-06-a,1010,7,12.0,True,2
Parigi,pa-0337-01-a,970,7,11.0,True,2
Parigi,pa-0174-03-a,1005,6,9.0,False,3
Parigi,pa-0331-04-a,1115,5,16.0,True,2
Parigi,pa-0109-02-a,945,3,10.0,True,1
Parigi,pa-0174-06-a,1100,6,13.0,True,3
Parigi,pa-0110-08-a,940,9,11.0,True,3
Parigi,pa-0174-02-a,1120,6,11.0,True,3
Parigi,pa-0331-05-a,1095,5,12.0,True,2
Parigi,pa-0102-01-a,960,6,13.0,False,2
Parigi,pa-0110-05-a,965,9,12.0,True,3
Parigi,pa-0102-06-a,945,6,10.0,True,2
Parigi,pa-0110-04-a,965,9,12.0,True,3
Parigi,pa-0308-02-a,985,4,9.0,True,2
Parigi,pa-0312-03-a,990,4,10.0,True,1
Parigi,pa-0306-03-a,1075,6,10.0,True,2
Parigi,pa-0319-02-a,1075,8,14.0,True,2
Parigi,pa-0112-01-a,1280,7,20.0,False,3
Parigi,pa-0112-04-a,1235,7,22.0,True,3
Parigi,pa-0045-01-a,860,4,10.0,True,1
Parigi,pa-0256-02-a,910,4,12.0,False,1
Parigi,pa-0320-01-a,1110,7,10.0,True,1
Parigi,pa-0256-04-a,895,4,10.0,True,1
Parigi,pa-0145-03-a,1305,4,15.0,True,2
Parigi,pa-0321-06-a,1290,7,17.0,True,2
Parigi,pa-0322-03-a,1190,7,11.0,True,3
Parigi,pa-0279-02-a,945,5,9.0,True,2
Parigi,pa-0279-03-a,945,5,9.0,True,2
Parigi,pa-0153-02-a,925,4,11.0,True,2
Parigi,pa-0249-03-a,890,4,11.0,True,2
Parigi,pa-0276-03-a,960,3,10.0,True,1
Parigi,pa-0279-04-a,985,5,13.0,True,2
Parigi,pa-0142-02-a,940,4,10.0,True,1
Parigi,pa-0142-01-a,930,4,12.0,True,1
Parigi,pa-0142-04-a,1270,4,14.0,True,1
Parigi,pa-0142-03-a,945,4,12.0,True,1
Parigi,pa-0159-01-a,900,4,10.0,True,1
Parigi,pa-0159-03-a,940,4,12.0,True,1
Parigi,pa-0159-02-a,930,4,11.0,True,1
Parigi,pa-0236-01-a,990,3,15.0,False,1
Parigi,pa-0181-02-a,990,4,10.0,True,1
Parigi,pa-0032-03-a,1045,4,11.0,True,1
Parigi,pa-0280-01-a,990,4,11.0,True,1
Parigi,pa-0334-01-a,1220,8,24.0,True,1
Parigi,pa-0257-02-a,985,5,10.0,True,2
Parigi,pa-0235-02-a,845,4,11.0,True,2
Parigi,pa-0235-01-a,840,4,11.0,True,2
Parigi,pa-0062-02-a,930,3,11.0,True,1
Parigi,pa-0237-02-a,955,3,11.0,True,1
Parigi,pa-0248-02-a,945,5,11.0,True,1
Parigi,pa-0181-01-a,1115,4,17.0,True,1
Parigi,pa-0079-04-a,990,4,15.0,True,1
Parigi,pa-0132-04-a,1015,4,11.0,True,1
Parigi,pa-0127-02-a,840,5,9.0,True,3
Parigi,pa-0040-01-a,965,5,10.0,True,2
Parigi,pa-0052-03-a,1025,4,11.0,True,1
Parigi,pa-0132-02-a,970,4,10.0,True,1
Parigi,pa-0127-04-a,1135,5,13.0,True,3
Parigi,pa-0040-03-a,940,5,9.0,True,2
Parigi,pa-0067-02-a,990,3,14.0,True,1
Parigi,pa-0165-01-a,1190,5,10.0,False,2
Parigi,pa-0125-04-a,940,5,12.0,True,1
Parigi,pa-0251-03-a,965,3,14.0,True,1
Parigi,pa-0190-03-a,970,4,9.0,True,2
Parigi,pa-0036-01-a,1030,5,10.0,True,2
Parigi,pa-0189-02-a,1065,3,18.0,True,1
Parigi,pa-0150-03-a,1015,4,18.0,True,1
Parigi,pa-0150-01-a,895,4,11.0,True,1
Parigi,pa-0241-01-a,945,5,10.0,True,1
Parigi,pa-0136-03-a,1045,3,13.0,True,1
Parigi,pa-0069-02-a,1110,2,16.0,True,1
Parigi,pa-0036-02-a,1065,5,14.0,True,2
Parigi,pa-0241-02-a,965,5,12.0,True,1
Parigi,pa-0210-01-a,1080,5,11.0,True,2
Parigi,pa-0213-02-a,915,4,12.0,True,2
Parigi,pa-0301-01-a,1010,3,11.0,True,1
Parigi,pa-0163-01-a,1120,3,21.0,False,1
Parigi,pa-0042-02-a,980,4,11.0,True,1
Parigi,pa-0033-01-a,1115,3,13.0,True,1
Parigi,pa-0042-01-a,1105,4,20.0,True,1
Parigi,pa-0004-07-a,970,8,10.0,True,4
Parigi,pa-0033-03-a,1035,3,9.0,True,1
Parigi,pa-0035-04-a,1145,4,11.0,True,2
Parigi,pa-0037-01-a,1085,5,11.0,True,1
Parigi,pa-0035-02-a,1105,4,13.0,True,2
Parigi,pa-0042-03-a,1085,4,18.0,True,1
Parigi,pa-0090-02-a,1050,5,12.0,True,2
Parigi,pa-0090-04-a,1075,5,16.0,True,2
Parigi,pa-0046-02-a,915,4,13.0,True,1
Parigi,pa-0099-03-a,895,6,11.0,True,3
Parigi,pa-0117-04-a,955,4,11.0,True,1
Parigi,pa-0099-02-a,920,6,12.0,True,3
Parigi,pa-0098-02-a,855,4,10.0,True,2
Parigi,pa-0074-01-a,1005,4,12.0,True,1
Parigi,pa-0074-04-a,1035,4,15.0,True,1
Parigi,pa-0046-04-a,920,4,14.0,True,1
Parigi,pa-0063-01-a,845,4,11.0,True,2
Parigi,pa-0098-03-a,875,4,11.0,True,2
Parigi,pa-0098-01-a,935,4,12.0,True,2
Parigi,pa-0078-05-a,1080,6,9.0,True,3
Parigi,pa-0187-04-a,1035,4,15.0,True,1
Parigi,pa-0078-01-a,1180,6,17.0,True,3
Parigi,pa-0078-02-a,1170,6,12.0,True,3
Parigi,pa-0068-04-a,1060,5,10.0,True,3
Parigi,pa-0177-02-a,1005,4,13.0,True,1
Parigi,pa-0139-01-a,955,4,10.0,True,1
Parigi,pa-0119-02-a,765,5,9.0,True,2
Parigi,pa-0175-01-a,1065,3,20.0,True,1
Parigi,pa-0247-02-a,1030,4,10.0,True,2
Parigi,pa-0247-03-a,1045,4,14.0,True,2
Parigi,pa-0247-01-a,1035,4,12.0,True,2
Parigi,pa-0094-03-a,1140,6,16.0,True,3
Parigi,pa-0101-07-a,930,9,9.0,True,3
Parigi,pa-0246-01-a,1010,5,11.0,True,2
Parigi,pa-0197-05-a,1045,5,17.0,True,2
Parigi,pa-0332-04-a,1250,5,14.0,True,2
Parigi,pa-0309-05-a,985,5,10.0,True,1
Parigi,pa-0082-02-a,995,5,14.0,True,2
Parigi,pa-0311-03-a,1025,5,12.0,True,3
Parigi,pa-0094-06-a,965,6,10.0,False,3
Parigi,pa-0056-02-a,1130,4,15.0,True,1
Parigi,pa-0312-02-a,990,4,10.0,True,1
Parigi,pa-0185-03-a,955,4,14.0,True,1
Parigi,pa-0089-04-a,1035,5,20.0,True,2
Parigi,pa-0319-03-a,1080,8,15.0,True,2
Parigi,pa-0085-04-a,1065,4,12.0,True,2
Parigi,pa-0285-02-a,1010,5,11.0,True,2
Parigi,pa-0175-03-a,920,3,12.0,True,1
Parigi,pa-0071-01-a,870,4,12.0,True,1
Parigi,pa-0333-02-a,1035,5,15.0,True,2
Parigi,pa-0052-04-a,1005,4,13.0,True,1
Parigi,pa-0026-03-a,1065,3,15.0,True,1
Parigi,pa-0139-03-a,1020,4,12.0,True,1
Parigi,pa-0028-01-a,1035,3,11.0,True,1
Parigi,pa-0150-02-a,940,4,13.0,True,1
Parigi,pa-0279-01-a,965,5,11.0,True,2
Parigi,pa-0123-01-a,1025,4,16.0,True,1
Parigi,pa-0207-02-a,970,7,9.0,True,3
Parigi,pa-0068-05-a,1065,5,11.0,True,3
Parigi,pa-0053-03-a,940,5,15.0,True,1
Parigi,pa-0192-01-a,755,4,11.0,True,1
Parigi,pa-0034-03-a,1035,5,11.0,True,2
Parigi,pa-0205-01-a,1030,4,12.0,True,1
Parigi,pa-0251-01-a,955,3,13.0,True,1
Parigi,pa-0006-04-a,1035,4,10.0,True,2
Parigi,pa-0156-04-a,1045,4,15.0,True,1
Parigi,pa-0321-01-a,1175,7,11.0,True,2
Parigi,pa-0241-03-a,975,5,14.0,True,1
Parigi,pa-0141-01-a,1085,4,11.0,True,2
Parigi,pa-0106-03-a,945,3,12.0,True,1
Parigi,pa-0245-03-a,1035,5,12.0,True,2
Parigi,pa-0204-01-a,990,4,15.0,True,1
Parigi,pa-0337-07-a,970,7,11.0,True,2
Parigi,pa-0147-01-a,1055,5,17.0,True,2
Parigi,pa-0344-02-a,1085,2,10.0,True,1
Parigi,pa-0110-06-a,945,9,11.0,True,3
Parigi,pa-0348-02-a,940,3,12.65,True,1
Parigi,pa-0026-02-a,1045,3,13.0,True,1
Parigi,pa-0104-03-a,905,3,9.0,True,1
Parigi,pa-0029-02-a,965,3,14.0,True,1
Parigi,pa-0257-04-a,1020,5,15.0,True,2
Parigi,pa-0348-01-a,940,3,10.35,True,1
Parigi,pa-0283-01-a,895,5,11.0,True,1
Parigi,pa-0281-03-a,990,5,11.0,True,2
Parigi,pa-0104-01-a,915,3,10.0,True,1
Parigi,pa-0348-03-a,940,3,11.5,True,1
Parigi,pa-0110-03-a,965,9,12.0,True,3
Parigi,pa-0174-05-a,1230,6,17.0,True,3
Parigi,pa-0281-02-a,975,5,9.0,True,2
Parigi,pa-0045-02-a,900,4,11.0,True,1
Parigi,pa-0238-04-a,805,4,10.0,True,1
Parigi,pa-0092-01-a,980,4,10.0,True,2
Parigi,pa-0181-04-a,970,4,10.0,True,1
Parigi,pa-0028-02-a,1015,3,10.0,True,1
Parigi,pa-0129-04-a,1110,4,11.0,True,2
Parigi,pa-0003-01-a,800,4,13.0,True,2
Parigi,pa-0117-01-a,930,4,10.0,True,1
Parigi,pa-0169-02-a,795,5,13.0,True,3
Parigi,pa-0170-04-a,1040,5,14.0,True,2
Parigi,pa-0188-03-a,905,4,13.0,True,1
Parigi,pa-0078-03-a,1215,6,16.0,True,3
Parigi,pa-0177-04-a,1035,4,14.0,True,1
Parigi,pa-0310-04-a,1020,4,9.0,True,1
Parigi,pa-0031-01-a,1055,3,17.0,True,2
Parigi,pa-0309-02-a,1030,5,10.0,True,1
Parigi,pa-0309-03-a,1040,5,11.0,True,1
Parigi,pa-0205-02-a,955,4,9.0,False,1
Parigi,pa-0001-03-a,900,4,9.0,True,1
Parigi,pa-0310-03-a,1020,4,9.0,True,1
Parigi,pa-0308-03-a,1065,4,12.0,True,2
Parigi,pa-0159-04-a,910,4,10.0,True,1
Parigi,pa-0086-01-a,1010,5,13.0,True,2
Parigi,pa-0339-06-a,1290,6,12.0,True,2
Parigi,pa-0339-03-a,1280,6,10.0,False,2
Parigi,pa-0127-03-a,1060,5,13.0,True,3
Parigi,pa-0037-05-a,1085,5,14.0,True,1
Parigi,pa-0284-02-a,1190,3,19.0,True,1
Parigi,pa-0186-01-a,970,4,9.0,False,1
Parigi,pa-0036-05-a,1125,5,14.0,True,2
Parigi,pa-0207-03-a,1040,7,10.0,False,3
Parigi,pa-0137-01-a,875,3,9.0,True,1
Parigi,pa-0054-06-a,1445,6,16.0,True,2
Parigi,pa-0114-01-a,1165,4,11.0,True,1
Parigi,pa-0157-01-a,1330,4,11.0,True,1
Parigi,pa-0175-02-a,1000,3,14.0,True,1
Parigi,pa-0196-04-a,1035,4,13.0,True,1
Parigi,pa-0033-02-a,1110,3,11.0,True,1
Parigi,pa-0062-01-a,970,3,11.0,True,1
Parigi,pa-0135-03-a,1050,3,14.0,False,1
Parigi,pa-0041-02-a,1185,3,13.0,True,1
Parigi,pa-0198-04-a,865,4,15.0,True,1
Parigi,pa-0058-01-a,1245,4,11.0,True,4
Parigi,pa-0111-01-a,1000,3,12.0,True,1
Parigi,pa-0082-01-a,1035,5,11.0,True,2
Parigi,pa-0278-04-a,1030,4,9.0,True,2
Parigi,pa-0320-07-a,1305,7,21.0,True,1
Parigi,pa-0280-02-a,1045,4,11.0,True,1
Parigi,pa-0165-02-a,1330,5,13.0,True,2
Parigi,pa-0128-03-a,1220,5,16.0,True,1
Parigi,pa-0239-02-a,1140,3,16.0,True,1
Parigi,pa-0038-03-a,1055,5,10.0,True,1
Parigi,pa-0006-01-a,1135,4,11.0,True,2
Parigi,pa-0207-07-a,1040,7,10.0,True,3
Parigi,pa-0119-01-a,950,5,12.0,True,2
Parigi,pa-0128-02-a,1270,5,19.0,True,1
Parigi,pa-0239-01-a,1125,3,13.0,True,1
Parigi,pa-0040-04-a,1090,5,12.0,True,2
Parigi,pa-0336-02-a,910,3,9.0,False,1
Parigi,pa-0331-01-a,1175,5,16.0,True,2
Parigi,pa-0101-06-a,1000,9,11.0,True,3
Parigi,pa-0088-04-a,1015,4,14.0,True,1
Parigi,pa-0252-04-a,965,5,16.0,True,1
Parigi,pa-0200-01-a,995,3,13.0,True,1
Parigi,pa-0120-04-a,1125,4,14.0,True,1
Parigi,pa-0252-01-a,930,5,11.0,True,1
Parigi,pa-0157-03-a,1370,4,14.0,True,1
Parigi,pa-0038-05-a,1085,5,14.0,True,1
Parigi,pa-0034-02-a,1185,5,13.0,True,2
Parigi,pa-0064-02-a,875,4,11.0,True,1
Parigi,pa-0048-02-a,1060,5,12.0,True,3
Parigi,pa-0306-04-a,1155,6,16.0,True,2
Parigi,pa-0134-03-a,855,4,12.0,True,2
Parigi,pa-0187-02-a,1040,4,14.0,True,1
Parigi,pa-0155-01-a,1025,4,15.0,True,1
Parigi,pa-0004-04-a,1065,8,13.0,True,4
Parigi,pa-0336-03-a,910,3,9.0,False,1
Parigi,pa-0199-04-a,855,4,12.0,True,1
Parigi,pa-0333-01-a,985,5,14.0,True,2
Parigi,pa-0333-03-a,1015,5,12.0,True,2
Parigi,pa-0171-04-a,1225,4,10.0,True,1
Parigi,pa-0210-04-a,1160,5,13.0,True,2
Parigi,pa-0077-02-a,960,3,12.0,True,1
Parigi,pa-0115-04-a,1045,5,12.0,True,1
Parigi,pa-0186-02-a,1040,4,11.0,True,1
Parigi,pa-0257-05-a,1045,5,11.0,True,2
Parigi,pa-0145-02-a,1520,4,27.0,True,2
Parigi,pa-0334-07-a,1120,8,14.0,True,1
Parigi,pa-0112-02-a,1255,7,13.0,True,3
Parigi,pa-0038-04-a,1085,5,13.0,True,1
Parigi,pa-0065-01-a,1035,3,13.0,True,1
Parigi,pa-0052-01-a,995,4,13.0,True,1
Parigi,pa-0103-03-a,1025,3,10.0,True,1
Parigi,pa-0282-04-a,935,5,10.0,True,2
Parigi,pa-0208-02-a,935,5,10.0,True,2
Parigi,pa-0034-05-a,1060,5,13.0,True,2
Parigi,pa-0119-04-a,940,5,14.0,True,2
Parigi,pa-0026-01-a,1035,3,12.0,True,1
Tolosa,tl-0023-09-a,615,10,14.0,True,3
Tolosa,tl-0023-08-a,620,10,20.0,True,3
Tolosa,tl-0023-02-a,605,10,17.0,True,3
Tolosa,tl-0026-02-a,510,7,9.0,False,2
Tolosa,tl-0020-03-a,595,3,13.0,True,1
Tolosa,tl-0006-01-a,490,5,12.0,True,2
Tolosa,tl-0020-01-a,580,3,11.0,True,1
Tolosa,tl-0023-03-a,545,10,11.0,True,3
Tolosa,tl-0026-05-a,560,7,10.0,True,2
Tolosa,tl-0023-01-a,560,10,12.0,True,3
Tolosa,tl-0026-06-a,560,7,11.0,True,2
Tolosa,tl-0023-04-a,645,10,23.0,True,3
Tolosa,tl-0027-04-a,610,5,10.0,True,2
Tolosa,tl-0026-07-a,560,7,10.0,True,2
Tolosa,tl-0026-03-a,570,7,12.0,True,2
Tolosa,tl-0022-03-a,530,5,13.0,True,1
Tolosa,tl-0027-01-a,665,5,12.0,True,2
Tolosa,tl-0003-04-a,425,4,9.0,True,1
Tolosa,tl-0027-02-a,600,5,13.0,True,2
Tolosa,tl-0026-04-a,555,7,11.0,True,2
Tolosa,tl-0012-01-a,515,4,12.0,True,1
Tolosa,tl-0027-05-a,610,5,15.0,True,2
Tolosa,tl-0022-01-a,545,5,15.0,True,1
Tolosa,tl-0004-04-a,500,4,11.0,True,1
Tolosa,tl-0021-01-a,615,4,12.0,True,2
Tolosa,tl-0004-03-a,480,4,10.0,True,1
Tolosa,tl-0002-03-a,570,3,12.0,True,1
Tolosa,tl-0021-02-a,630,4,13.0,True,2
Tolosa,tl-0004-02-a,530,4,14.0,True,1
Tolosa,tl-0008-01-a,605,5,16.0,True,2
Tolosa,tl-0021-03-a,615,4,13.0,False,2
Tolosa,tl-0024-03-a,520,3,10.0,True,1
Tolosa,tl-0021-04-a,605,4,12.0,True,2
Tolosa,tl-0002-02-a,540,3,10.0,True,1
Tolosa,tl-0008-05-a,605,5,15.0,True,2
Tolosa,tl-0001-02-a,540,4,12.0,True,2
Tolosa,tl-0008-04-a,580,5,16.0,True,2
Tolosa,tl-0008-02-a,615,5,15.0,True,2
Tolosa,tl-0009-05-a,500,8,11.0,True,2
Tolosa,tl-0011-03-a,520,4,14.0,True,1
Tolosa,tl-0023-10-a,615,10,19.0,True,3
Tolosa,tl-0005-02-a,460,3,12.0,True,1
Tolosa,tl-0005-03-a,485,3,13.0,True,1
Tolosa,tl-0005-01-a,495,3,13.0,True,1
Tolosa,tl-0018-02-a,455,4,10.0,True,1
Tolosa,tl-0006-05-a,545,5,10.0,True,2
Tolosa,tl-0009-03-a,600,8,15.0,True,2
Tolosa,tl-0028-02-a,595,5,13.0,True,2
Madrid,ma-0025-01-a,655,7,12.65,True,3
Madrid,ma-0047-02-a,500,10,11.5,True,5
Madrid,ma-0016-11-a,505,25,12.65,True,11
Madrid,ma-0046-03-a,640,7,9.2,False,2
Madrid,ma-0013-07-a,615,12,14.03,True,10
Madrid,ma-0016-15-a,500,25,10.35,True,11
Madrid,ma-0016-02-a,500,25,9.78,True,11
Madrid,ma-0042-05-a,490,6,6.9,False,2
Madrid,ma-0016-13-a,470,25,9.2,False,11
Madrid,ma-0047-08-a,515,10,11.5,True,5
Madrid,ma-0014-12-a,595,16,10.35,True,7
Madrid,ma-0014-14-a,595,16,10.35,True,7
Madrid,ma-0048-05-a,700,6,11.5,True,3
Madrid,ma-0008-05-a,620,5,9.55,True,3
Madrid,ma-0038-03-a,540,8,11.5,False,4
Madrid,ma-0008-01-a,560,5,6.9,False,3
Madrid,ma-0053-01-a,645,6,8.63,True,3
Madrid,ma-0053-03-a,720,6,12.65,True,3
Madrid,ma-0041-06-a,630,7,12.65,False,3
Madrid,ma-0048-01-a,620,6,6.9,True,3
Madrid,ma-0041-03-a,655,7,11.5,True,3
Madrid,ma-0047-05-a,520,10,12.65,False,5
Madrid,ma-0013-09-a,600,12,11.5,False,10
Madrid,ma-0035-04-a,875,4,13.8,True,3
Madrid,ma-0053-02-a,700,6,10.35,True,3
Madrid,ma-0041-07-a,600,7,12.65,True,3
Madrid,ma-0041-04-a,655,7,10.35,True,3
Madrid,ma-0038-05-a,630,8,16.1,True,4
Madrid,ma-0016-01-a,470,25,8.63,False,11
Madrid,ma-0047-04-a,515,10,13.8,True,5
Madrid,ma-0047-01-a,555,10,16.1,True,5
Madrid,ma-0024-04-a,855,8,24.15,True,4
Madrid,ma-0042-03-a,540,6,8.05,False,2
Madrid,ma-0039-05-a,700,8,14.95,True,5
Madrid,ma-0028-03-a,545,4,11.5,True,2
Madrid,ma-0028-01-a,560,4,17.25,True,2
Madrid,ma-0039-06-a,600,8,9.2,False,5
Madrid,ma-0024-01-a,965,8,16.1,True,4
Madrid,ma-0024-03-a,855,8,18.4,True,4
Madrid,ma-0024-02-a,855,8,16.1,True,4
Madrid,ma-0046-07-a,620,7,10.35,True,2
Madrid,ma-0046-05-a,680,7,19.55,True,2
Madrid,ma-0016-16-a,505,25,13.8,True,11
Madrid,ma-0016-03-a,505,25,14.38,True,11
Madrid,ma-0016-06-a,505,25,12.08,True,11
Madrid,ma-0016-17-a,480,25,12.65,False,11
Madrid,ma-0016-05-a,515,25,16.68,True,11
Madrid,ma-0014-06-a,615,16,14.03,True,7
Madrid,ma-0014-09-a,595,16,10.01,True,7
Madrid,ma-0016-20-a,480,25,12.65,False,11
Madrid,ma-0016-22-a,505,25,13.23,True,11
Madrid,ma-0016-07-a,470,25,9.78,False,11
Madrid,ma-0014-02-a,560,16,14.38,False,7
Madrid,ma-0016-24-a,480,25,12.08,False,11
Madrid,ma-0014-11-a,530,16,6.67,False,7
Madrid,ma-0014-07-a,595,16,9.2,False,7
Madrid,ma-0038-07-a,680,8,20.7,True,4
Madrid,ma-0008-04-a,770,5,6.9,False,3
Madrid,ma-0038-04-a,630,8,16.1,True,4
Madrid,ma-0025-02-a,670,7,13.8,True,3
Madrid,ma-0053-04-a,680,6,11.5,True,3
Madrid,ma-0023-02-a,590,3,11.5,True,1
Madrid,ma-0023-01-a,590,3,13.8,True,1
Madrid,ma-0016-23-a,505,25,13.8,True,11
Madrid,ma-0042-02-a,780,6,13.8,True,2
Madrid,ma-0025-04-a,930,7,26.45,True,3
Madrid,ma-0039-02-a,700,8,11.5,True,5
Madrid,ma-0023-03-a,540,3,6.9,False,1
Madrid,ma-0025-07-a,895,7,16.1,True,3
Madrid,ma-0052-07-a,630,7,9.2,True,4
Madrid,ma-0013-08-a,615,12,13.8,True,10
Madrid,ma-0025-05-a,915,7,16.1,True,3
Madrid,ma-0042-04-a,555,6,10.35,True,2
Madrid,ma-0046-02-a,920,7,18.4,True,2
Madrid,ma-0016-14-a,615,25,9.78,False,11
Madrid,ma-0016-10-a,665,25,12.65,True,11
Madrid,ma-0009-03-a,870,6,22.43,True,3
Madrid,ma-0016-21-a,630,25,12.65,False,11
Madrid,ma-0042-06-a,675,6,8.05,False,2
Madrid,ma-0009-06-a,780,6,8.97,False,3
Madrid,ma-0047-10-a,725,10,18.4,True,5
Madrid,ma-0009-01-a,870,6,21.28,True,3
Madrid,ma-0009-05-a,850,6,13.23,True,3
Madrid,ma-0053-05-a,975,6,12.65,True,3
Madrid,ma-0047-09-a,695,10,13.8,True,5
Madrid,ma-0016-18-a,630,25,12.65,False,11
Madrid,ma-0038-08-a,860,8,18.4,True,4
Madrid,ma-0012-01-a,725,4,8.05,False,2
Madrid,ma-0028-04-a,685,4,8.05,True,2
Madrid,ma-0014-01-a,695,16,8.05,False,7
Madrid,ma-0024-07-a,855,8,16.1,True,4
Madrid,ma-0012-03-a,815,4,10.35,True,2
Madrid,ma-0046-06-a,815,7,9.2,True,2
Madrid,ma-0016-04-a,665,25,14.95,True,11
Madrid,ma-0024-08-a,815,8,12.65,True,4
Madrid,ma-0008-02-a,845,5,10.35,True,3
Madrid,ma-0052-03-a,910,7,11.5,True,4
Madrid,ma-0052-01-a,695,7,11.5,True,4
Madrid,ma-0052-05-a,685,7,11.5,True,4
Madrid,ma-0035-03-a,850,4,11.5,True,3
Lisbona,ls-0008-07-a,705,7,12.65,True,3
Lisbona,ls-0008-01-a,565,7,8.05,False,3
Lisbona,ls-0008-04-a,620,7,10.35,False,3
Lisbona,ls-0008-02-a,565,7,8.05,False,3
Lisbona,ls-0008-05-a,665,7,13.8,True,3
